"cliente_id","lista_regla_eda","lista_memorizador","prob_proveedor_a","lista_proveedor_a","prob_proveedor_b","lista_proveedor_b","pron_regla_finanzas","pron_proveedor_a","pron_proveedor_b"
3000003,0,0,0.099,0,0.096,0,33060,38341,77338
3000004,0,0,0.167,0,0.158,0,56361,37931,75209
3000007,0,0,0.111,0,0.116,0,57180,125306,103029
3000010,0,0,0.231,0,0.384,1,21819,-41179,18447
3000026,0,0,0.104,0,0.282,0,133620,289021,422966
3000027,1,1,0.577,1,0.614,1,1992,-112694,7359
3000029,0,0,0.012,0,0.032,0,224721,621422,740857
3000030,0,0,0.263,0,0.224,0,89850,40430,97666
3000035,0,0,0.313,0,0.294,0,68361,89983,58037
3000050,0,0,0.182,0,0.2,0,82719,113733,130818
3000075,0,0,0.293,0,0.38,1,100440,142001,127735
3000077,1,0,0.819,1,0.75,1,9225,-38584,6621
3000081,0,0,0.319,0,0.296,0,29700,-73277,28120
3000082,0,0,0.167,0,0.17,0,341451,645673,613278
3000092,0,0,0.003,0,0.018,0,631740,1594385,1507799
3000099,1,0,0.715,1,0.754,1,1332,-107281,5477
3000102,0,0,0.162,0,0.14,0,74820,133481,101000
3000107,0,0,0.179,0,0.16,0,91599,164759,123068
3000114,0,0,0.187,0,0.13,0,134460,192554,285810
3000121,0,0,0.043,0,0.158,0,291759,641327,813943
3000122,1,0,0.728,1,0.758,1,5337,-61659,6816
3000125,0,0,0.36,0,0.412,1,63675,-57505,38973
3000135,0,0,0.172,0,0.172,0,70641,114918,102232
3000138,0,0,0.097,0,0.09,0,98541,186132,184207
3000140,0,0,0.195,0,0.144,0,34320,84686,69674
3000142,0,0,0.062,0,0.106,0,121701,261634,269743
3000144,0,0,0.061,0,0.106,0,270801,564767,667872
3000149,1,0,0.887,1,0.632,1,11631,30244,11323
3000154,0,0,0.167,0,0.116,0,137901,216402,260429
3000158,0,0,0.215,0,0.288,0,23181,4684,30542
3000170,0,0,0.115,0,0.054,0,626550,1286115,1231178
3000172,1,1,0.562,1,0.666,1,6840,-60824,7849
3000176,0,0,0.107,0,0.136,0,96141,134360,162946
3000179,0,0,0.041,0,0.036,0,435000,937660,746315
3000182,1,0,0.638,1,0.61,1,0,-3304,5516
3000189,0,0,0.268,0,0.344,1,15279,14735,14277
3000193,0,0,0.332,0,0.278,0,20319,-99543,15131
3000199,0,0,0.26,0,0.274,0,8721,-35090,19071
3000201,0,1,0.228,0,0.39,1,11601,-25204,15970
3000216,1,0,0.565,1,0.616,1,3381,-63552,7631
3000222,1,0,0.349,0,0.468,1,51399,-96092,66578
3000239,0,0,0.255,0,0.266,0,68220,-28837,70838
3000250,0,0,0.17,0,0.182,0,615099,1227419,1026905
3000253,0,0,0.18,0,0.208,0,227979,399081,365786
3000263,0,0,0.28,0,0.45,1,36450,-101275,33175
3000268,0,0,0.149,0,0.146,0,85200,133970,162403
3000278,0,0,0.104,0,0.148,0,2080200,4541147,4026310
3000280,0,0,0.048,0,0.072,0,156399,367218,323562
3000281,0,0,0.045,0,0.076,0,186219,475099,542784
3000285,0,0,0.101,0,0.14,0,145239,256025,297396
3000291,0,0,0.263,0,0.484,1,3381,-59863,14953
3000293,0,0,0.064,0,0.102,0,119739,313093,350629
3000294,0,0,0.27,0,0.252,0,61842,-35172,90140
3000299,0,0,0.231,0,0.37,1,14661,-32833,16340
3000307,1,0,0.403,0,0.47,1,58227,-39332,43511
3000316,0,0,0.077,0,0.192,0,359187,722770,622201
3000324,1,0,0.371,0,0.59,1,0,-83599,10665
3000326,0,1,0.355,0,0.372,1,31941,-38299,35252
3000328,0,0,0.104,0,0.178,0,1627500,3526180,3011463
3000341,1,0,0.331,0,0.35,1,14499,18024,17174
3000343,0,0,0.225,0,0.178,0,83781,63819,149040
3000346,0,1,0.107,0,0.064,0,147300,248656,260107
3000357,1,0,0.654,1,0.684,1,25068,-54330,17027
3000358,0,0,0.136,0,0.196,0,53259,111414,88840
3000362,0,0,0.089,0,0.046,0,89541,167950,147504
3000364,1,0,0.649,1,0.53,1,11199,26525,10375
3000371,0,0,0.252,0,0.198,0,47901,48426,69107
3000375,0,0,0.054,0,0.078,0,193740,440521,426220
3000376,0,0,0.312,0,0.26,0,306150,485987,271926
3000381,0,0,0.264,0,0.21,0,30540,-42752,29479
3000388,0,0,0.175,0,0.15,0,38739,21806,56580
3000401,0,0,0.25,0,0.222,0,18639,-30431,20785
3000403,0,0,0.098,0,0.096,0,88281,230951,148900
3000408,0,0,0.229,0,0.184,0,84867,36535,105553
3000412,0,0,0.175,0,0.2,0,33540,65386,58097
3000413,0,0,0.258,0,0.206,0,36000,-38738,32825
3000416,0,1,0.182,0,0.078,0,49419,10832,65085
3000426,0,0,0.099,0,0.15,0,183519,358580,284512
3000434,0,0,0.261,0,0.218,0,531150,1000147,566603
3000441,0,0,0.058,0,0.104,0,276819,647586,591852
3000459,0,0,0.047,0,0.112,0,201180,503215,490864
3000461,0,0,0.296,0,0.18,0,87660,103171,90490
3000470,0,0,0.019,0,0.026,0,241620,659442,552798
3000475,0,0,0.142,0,0.174,0,44760,71069,61478
3000478,0,0,0.175,0,0.15,0,46500,-7830,71286
3000480,0,0,0.239,0,0.176,0,21900,-87493,35791
3000481,1,0,0.373,0,0.314,1,42300,37634,42544
3000489,0,0,0.218,0,0.24,0,57339,27608,70840
3000497,0,0,0.063,0,0.138,0,72420,189084,173314
3000499,0,0,0.149,0,0.06,0,700050,1422544,873924
3000509,1,0,0.333,0,0.588,1,1620,-131825,9923
3000514,0,0,0.067,0,0.08,0,182271,367886,357889
3000515,0,0,0.29,0,0.304,1,31359,-18384,29839
3000516,1,0,0.514,1,0.434,1,23259,11662,18886
3000526,0,0,0.027,0,0.068,0,276621,676558,775790
3000535,1,0,0.741,1,0.798,1,16821,93029,8159
3000551,1,0,0.317,0,0.42,1,10059,-38700,17127
3000553,0,0,0.207,0,0.244,0,10119,-47455,27712
3000554,0,0,0.065,0,0.172,0,63681,168449,167702
3000557,0,0,0.112,0,0.086,0,214560,373615,343790
3000568,0,0,0.021,0,0.102,0,707025,1585752,1498393
3000579,1,0,0.531,1,0.582,1,24981,-273,16266
3000582,1,0,0.275,0,0.386,1,8001,-68020,12788
3000583,0,0,0.277,0,0.406,1,3879,-61741,12764
3000586,0,0,0.225,0,0.216,0,31560,-53907,53298
3000588,1,1,0.267,0,0.262,0,21681,-49908,27641
3000591,0,0,0.32,0,0.42,1,91200,5178,100197
3000600,0,0,0.055,0,0.142,0,188259,468551,411676
3000607,0,0,0.076,0,0.176,0,229764,434010,449358
3000621,0,0,0.149,0,0.3,1,31881,-5249,62772
3000630,0,0,0.171,0,0.298,0,39321,57297,77211
3000633,0,0,0.013,0,0.02,0,303081,756070,1078066
3000639,0,0,0.219,0,0.374,1,14700,-66215,17198
3000641,0,0,0.095,0,0.14,0,273876,539192,603720
3000643,0,0,0.115,0,0.12,0,475329,956611,830662
3000646,0,0,0.25,0,0.186,0,20559,-76289,54554
3000654,0,1,0.278,0,0.224,0,376650,651817,412188
3000658,0,0,0.083,0,0.116,0,245250,497620,477239
3000663,0,0,0.087,0,0.126,0,97440,232957,213913
3000676,0,0,0.027,0,0.076,0,133359,322769,358045
3000681,0,0,0.262,0,0.332,1,42750,-71013,60775
3000685,0,0,0.024,0,0.114,0,258720,699317,808806
3000687,0,0,0.087,0,0.164,0,86241,126743,260899
3000692,0,0,0.04,0,0.042,0,833301,1837220,1819849
3000695,1,0,0.296,0,0.638,1,10419,-137195,16584
3000702,0,0,0.041,0,0.04,0,195801,492710,455695
3000711,0,0,0.259,0,0.358,1,47160,-79683,51709
3000715,0,0,0.133,0,0.116,0,83280,125550,110742
3000717,0,0,0.007,0,0.006,0,317121,866356,945789
3000728,0,0,0.161,0,0.194,0,980550,2049028,904905
3000735,0,0,0.203,0,0.156,0,3184800,6963209,4120810
3000736,0,0,0.098,0,0.054,0,138519,327846,231435
3000737,1,0,0.4,0,0.548,1,28125,-140888,18357
3000742,0,0,0.111,0,0.09,0,68979,116255,106594
3000743,1,0,0.832,1,0.658,1,0,-12636,6807
3000744,0,0,0.073,0,0.068,0,137961,290346,275477
3000745,0,0,0.077,0,0.08,0,169041,344712,379455
3000751,0,0,0.366,0,0.426,1,17241,-47021,17472
3000754,0,0,0.104,0,0.126,0,497775,1017377,894622
3000755,1,0,0.556,1,0.694,1,4887,-113333,9921
3000761,0,0,0.265,0,0.148,0,302100,492363,325132
3000767,0,0,0.019,0,0.094,0,2139300,4800455,4866019
3000768,0,0,0.146,0,0.288,0,245520,421124,508151
3000771,0,0,0.242,0,0.284,0,43059,25185,51657
3000773,0,0,0.082,0,0.094,0,126141,274853,264314
3000775,0,0,0.16,0,0.19,0,78966,41962,133315
3000776,0,0,0.008,0,0.062,0,401799,1007334,1259798
3000781,1,0,0.229,0,0.352,1,75600,16936,110472
3000785,0,0,0.175,0,0.086,0,58380,28291,93633
3000786,0,0,0.315,0,0.396,1,24459,-46946,22119
3000794,0,0,0.157,0,0.112,0,42981,-11751,59509
3000799,0,0,0.143,0,0.144,0,69819,164136,113385
3000805,0,0,0.136,0,0.122,0,73920,128786,139080
3000813,0,0,0.083,0,0.196,0,166731,298180,378694
3000815,0,0,0.366,0,0.424,1,30921,-13160,35283
3000818,0,0,0.108,0,0.088,0,74181,159528,126543
3000820,0,0,0.265,0,0.274,0,61599,28561,101810
3000824,0,0,0.084,0,0.194,0,188907,354060,498981
3000825,1,1,0.345,0,0.498,1,30132,-124868,19700
3000826,0,0,0.092,0,0.148,0,67581,161139,158767
3000829,0,0,0.265,0,0.178,0,337350,562200,414046
3000831,1,0,0.458,0,0.474,1,14313,-142897,11613
3000834,0,0,0.047,0,0.074,0,162999,406892,379505
3000835,0,0,0.227,0,0.2,0,68661,120511,104490
3000843,0,0,0.204,0,0.264,0,43059,51279,56718
3000848,0,0,0.03,0,0.03,0,255261,619410,561069
3000850,0,0,0.17,0,0.166,0,222720,358537,293746
3000867,0,0,0.011,0,0.048,0,316320,842229,1103328
3000874,0,0,0.1,0,0.06,0,82920,203923,155903
3000876,0,0,0.257,0,0.322,1,75339,84518,93158
3000881,0,0,0.201,0,0.22,0,54741,35124,80363
3000882,0,0,0.19,0,0.16,0,109119,128202,148656
3000884,0,0,0.172,0,0.108,0,483300,932130,578272
3000894,0,1,0.092,0,0.082,0,152925,259370,237900
3000895,0,0,0.192,0,0.166,0,48300,112188,85145
3000904,0,0,0.262,0,0.178,0,103359,116468,118470
3000905,0,0,0.134,0,0.106,0,65340,66978,98140
3000912,0,0,0.052,0,0.076,0,191520,408408,386516
3000913,0,0,0.32,0,0.46,1,11700,-43338,12476
3000920,0,0,0.09,0,0.202,0,195279,458498,364702
3000923,1,0,0.276,0,0.398,1,9120,-124713,16173
3000929,0,0,0.143,0,0.188,0,76941,152268,143695
3000948,0,0,0.204,0,0.188,0,80700,100482,126510
3000954,0,0,0.237,0,0.546,1,9339,-65613,15711
3000968,0,0,0.171,0,0.138,0,114180,258063,145767
3000969,1,0,0.533,1,0.792,1,2019,-15756,6429
3000977,1,0,0.256,0,0.206,0,28359,105491,37425
3000978,0,0,0.174,0,0.17,0,76461,70562,99478
3000980,0,0,0.269,0,0.262,0,100425,33051,110195
3000985,0,0,0.145,0,0.076,0,43599,51493,70798
3000991,1,0,0.586,1,0.638,1,1551,-141172,10942
3001000,0,0,0.024,0,0.062,0,147279,390638,450154
3001001,0,0,0.144,0,0.214,0,46059,140201,98716
3001004,0,1,0.268,0,0.252,0,228600,317153,294539
3001014,1,0,0.636,1,0.594,1,17859,-16672,14362
3001015,0,0,0.099,0,0.078,0,390300,773157,676981
3001016,0,0,0.071,0,0.206,0,184980,362003,417902
3001028,0,0,0.045,0,0.068,0,156141,379644,536349
3001038,0,0,0.138,0,0.162,0,2854800,6256687,5504672
3001043,0,0,0.291,0,0.246,0,95313,63588,105134
3001047,0,0,0.014,0,0.102,0,520281,1261203,1364501
3001050,0,1,0.318,0,0.384,1,295500,449796,469145
3001067,0,0,0.046,0,0.08,0,196359,494390,440834
3001068,0,0,0.256,0,0.25,0,46059,2162,60876
3001070,0,0,0.136,0,0.222,0,405180,784778,677399
3001074,0,0,0.022,0,0.106,0,200661,534836,541356
3001079,0,0,0.33,0,0.24,0,89127,74251,98560
3001080,0,0,0.135,0,0.086,0,51219,84135,72269
3001081,0,0,0.366,0,0.32,1,32160,-17232,28272
3001083,0,0,0.059,0,0.1,0,129039,340286,294462
3001091,1,0,0.555,1,0.358,1,16821,61890,19663
3001094,0,0,0.028,0,0.054,0,215361,568921,639175
3001096,1,0,0.323,0,0.288,0,104250,29851,89031
3001099,0,0,0.205,0,0.326,1,16200,-12897,30953
3001102,1,0,0.316,0,0.282,0,53301,129389,78956
3001112,0,0,0.199,0,0.22,0,18021,-4523,19220
3001114,0,0,0.114,0,0.2,0,79260,171471,186828
3001120,0,0,0.113,0,0.07,0,91080,136250,128050
3001123,0,0,0.11,0,0.128,0,177741,346164,313623
3001128,1,0,0.319,0,0.3,1,41160,797,43896
3001130,0,0,0.151,0,0.1,0,116199,176685,177110
3001137,0,0,0.407,0,0.334,1,195525,262892,171879
3001153,1,1,0.347,0,0.418,1,13434,-157191,14545
3001154,0,0,0.113,0,0.084,0,113241,226315,199390
3001157,0,0,0.148,0,0.226,0,15279,2456,42792
3001161,0,0,0.085,0,0.094,0,390513,788304,555740
3001164,0,0,0.17,0,0.256,0,1663200,3566589,1736439
3001165,0,0,0.202,0,0.156,0,47181,6376,68270
3001166,0,0,0.159,0,0.16,0,90600,173539,144124
3001167,1,1,0.88,1,0.922,1,2880,94323,5329
3001168,0,0,0.144,0,0.22,0,76020,233913,126133
3001174,0,1,0.069,0,0.068,0,309624,635118,763185
3001175,0,0,0.159,0,0.194,0,593301,1196819,976309
3001178,0,0,0.18,0,0.118,0,162954,226691,255764
3001186,0,0,0.398,0,0.52,1,105450,56176,83092
3001195,1,0,0.654,1,0.56,1,0,-46478,6848
3001199,1,0,0.779,1,0.574,1,2901,68247,7539
3001200,0,0,0.008,0,0.028,0,252600,716903,694053
3001207,0,0,0.253,0,0.212,0,33621,-47048,49041
3001208,0,0,0.231,0,0.404,1,24981,-7669,19522
3001210,0,0,0.073,0,0.078,0,125460,248380,231044
3001211,0,0,0.042,0,0.048,0,301581,649531,612010
3001214,0,0,0.225,0,0.222,0,44841,-38478,73420
3001236,0,0,0.296,0,0.2,0,205200,262202,252575
3001243,0,0,0.131,0,0.092,0,103719,258512,164412
3001246,0,0,0.161,0,0.148,0,110319,219759,154960
3001258,0,0,0.092,0,0.074,0,116181,203511,226769
3001261,0,0,0.088,0,0.106,0,145980,294370,346737
3001265,0,0,0.167,0,0.112,0,253449,431466,320808
3001267,0,0,0.036,0,0.144,0,158301,424060,391265
3001268,0,0,0.295,0,0.354,1,42471,-52063,60255
3001269,0,0,0.099,0,0.14,0,164001,387266,303293
3001276,0,0,0.326,0,0.266,0,34440,-23832,64051
3001287,0,0,0.146,0,0.082,0,108960,213789,139009
3001295,0,0,0.106,0,0.116,0,113460,220863,185085
3001319,0,0,0.276,0,0.272,0,26181,6695,24411
3001320,0,0,0.019,0,0.05,0,353859,910234,858900
3001321,0,0,0.087,0,0.22,0,1543101,3358601,3208717
3001323,0,0,0.041,0,0.072,0,538500,1179637,892036
3001331,0,0,0.157,0,0.198,0,223413,374438,371331
3001332,1,0,0.326,0,0.438,1,49380,-19247,48311
3001333,0,0,0.098,0,0.068,0,89760,144367,151712
3001341,0,1,0.258,0,0.426,1,4320,-30130,11578
3001343,1,0,0.443,0,0.34,1,36441,8586,29098
3001355,1,0,0.252,0,0.522,1,38721,27618,48564
3001370,0,0,0.236,0,0.366,1,19146,-117825,21767
3001380,0,0,0.111,0,0.082,0,63339,121120,109394
3001382,1,0,0.396,0,0.356,1,7500,30414,12000
3001385,0,0,0.055,0,0.03,0,128880,265253,387304
3001387,0,0,0.032,0,0.042,0,251721,631731,746106
3001390,1,0,0.448,0,0.556,1,7641,-46608,12300
3001394,1,0,0.375,0,0.602,1,1380,-93241,9022
3001396,0,0,0.214,0,0.238,0,68121,108024,155332
3001401,0,0,0.206,0,0.176,0,205251,303792,283806
3001411,0,0,0.056,0,0.116,0,221460,521113,554019
3001414,0,0,0.351,0,0.294,0,40641,18824,59272
3001419,1,0,0.835,1,0.822,1,639,-18499,4211
3001429,0,0,0.18,0,0.154,0,53019,117286,72589
3001430,0,0,0.141,0,0.102,0,65880,141006,116143
3001431,0,0,0.198,0,0.136,0,104421,185059,147362
3001435,0,0,0.085,0,0.174,0,150300,274122,299429
3001436,0,0,0.115,0,0.12,0,83592,109086,162742
3001443,0,0,0.197,0,0.136,0,66939,70355,81376
3001455,1,1,0.385,0,0.5,1,257400,358215,271406
3001457,0,0,0.09,0,0.13,0,98079,195385,183602
3001461,0,0,0.142,0,0.166,0,150201,204182,281518
3001468,0,0,0.206,0,0.2,0,42219,72553,73525
3001469,0,0,0.002,0,0.076,0,230019,733950,1201508
3001479,1,0,0.746,1,0.524,1,18300,161,15041
3001481,0,0,0.133,0,0.11,0,82140,127099,118270
3001482,0,0,0.266,0,0.274,0,1808700,3859977,1744908
3001487,0,0,0.056,0,0.084,0,73839,214206,135159
3001495,1,0,0.697,1,0.79,1,11700,-26174,6304
3001500,0,0,0.342,0,0.6,1,3381,-14682,11998
3001505,0,0,0.043,0,0.022,0,137721,360686,327724
3001509,0,0,0.053,0,0.086,0,228180,547175,414896
3001516,0,1,0.095,0,0.106,0,208200,376083,331733
3001520,0,0,0.191,0,0.114,0,89799,116232,149816
3001521,1,0,0.49,0,0.418,1,11739,9620,11144
3001524,0,0,0.253,0,0.504,1,10440,-85094,15215
3001530,1,0,0.405,0,0.366,1,33339,-4278,43471
3001536,0,0,0.102,0,0.166,0,715200,1495692,1513696
3001543,0,1,0.225,0,0.218,0,26259,-59566,28944
3001546,0,0,0.296,0,0.322,1,146550,140365,118284
3001557,0,0,0.168,0,0.19,0,1285800,2723169,1901027
3001559,0,0,0.193,0,0.156,0,68040,30546,82382
3001562,0,0,0.174,0,0.124,0,27381,-49535,42686
3001570,0,0,0.075,0,0.076,0,105840,263403,213994
3001574,0,0,0.118,0,0.068,0,72741,149357,115173
3001578,0,0,0.284,0,0.202,0,281499,447854,235987
3001580,0,0,0.203,0,0.114,0,43641,3540,61230
3001583,0,0,0.006,0,0.052,0,312780,900043,877883
3001606,0,0,0.147,0,0.132,0,41721,84083,59535
3001607,0,0,0.208,0,0.362,1,5760,-47135,17469
3001612,0,0,0.217,0,0.216,0,65940,16786,93232
3001615,0,0,0.089,0,0.134,0,170820,366148,362616
3001617,0,0,0.106,0,0.09,0,54441,82384,89569
3001619,0,0,0.171,0,0.16,0,59379,87127,110410
3001637,0,0,0.21,0,0.226,0,31464,-84838,52440
3001645,0,0,0.047,0,0.148,0,405120,937696,984511
3001656,0,0,0.18,0,0.182,0,150390,199946,272855
3001658,1,0,0.501,1,0.694,1,14679,-36686,10245
3001664,0,0,0.188,0,0.152,0,155481,236303,222420
3001672,0,0,0.14,0,0.168,0,87135,74887,129629
3001674,1,0,0.351,0,0.494,1,30300,-145272,25767
3001683,0,0,0.031,0,0.064,0,247341,616586,511727
3001684,0,0,0.131,0,0.11,0,77040,89079,128356
3001685,1,0,0.267,0,0.334,1,42921,-44454,60116
3001696,0,0,0.041,0,0.056,0,128220,363557,282278
3001697,0,0,0.093,0,0.044,0,96621,183064,168151
3001698,0,0,0.12,0,0.068,0,122301,241733,251964
3001713,1,0,0.796,1,0.73,1,5679,-50736,5351
3001715,0,0,0.157,0,0.15,0,41661,71017,70690
3001716,0,0,0.485,0,0.712,1,0,-145071,8100
3001717,0,0,0.205,0,0.18,0,54000,-4253,76628
3001723,0,0,0.09,0,0.208,0,47160,143750,123618
3001741,0,0,0.207,0,0.162,0,40719,-4139,55341
3001742,1,1,0.346,0,0.552,1,104220,23475,95120
3001744,0,0,0.084,0,0.182,0,154161,341617,295828
3001757,0,0,0.088,0,0.084,0,140679,346795,254656
3001762,0,0,0.275,0,0.364,1,60741,13794,65222
3001763,0,0,0.203,0,0.244,0,45099,33125,87242
3001767,0,0,0.314,0,0.27,0,27441,-58699,25098
3001768,0,1,0.334,0,0.378,1,32100,-145918,55756
3001774,0,0,0.313,0,0.258,0,21093,-93741,17874
3001780,0,0,0.409,0,0.378,1,36000,-121656,34140
3001785,1,0,0.537,1,0.58,1,14880,-130571,10522
3001786,0,0,0.098,0,0.1,0,50340,103423,104572
3001791,0,0,0.137,0,0.124,0,54600,101007,84739
3001793,1,1,0.502,1,0.49,1,13251,-126825,8745
3001801,1,0,0.717,1,0.614,1,16959,55911,12184
3001808,0,0,0.254,0,0.214,0,1077900,2223167,924845
3001809,0,0,0.101,0,0.072,0,157959,359690,295661
3001814,0,0,0.182,0,0.22,0,123141,250969,221513
3001821,0,0,0.141,0,0.086,0,80760,114326,144828
3001824,0,0,0.237,0,0.332,1,33099,-14316,36317
3001841,0,0,0.233,0,0.376,1,8241,-109071,16079
3001858,0,0,0.1,0,0.082,0,123600,241353,213209
3001880,0,0,0.32,0,0.242,0,31614,-65929,24820
3001881,0,0,0.19,0,0.196,0,58620,3229,89452
3001888,0,0,0.152,0,0.142,0,79119,131923,151375
3001892,0,1,0.447,0,0.44,1,4230,-136789,11504
3001894,0,0,0.146,0,0.12,0,144258,205592,351199
3001899,0,0,0.047,0,0.026,0,106860,245617,245546
3001900,0,0,0.251,0,0.172,0,68421,28946,82394
3001906,0,0,0.01,0,0.052,0,284340,719813,1187356
3001908,0,0,0.157,0,0.152,0,92619,171783,147090
3001915,1,0,0.288,0,0.372,1,22740,-106750,19174
3001918,0,0,0.16,0,0.132,0,38940,84219,65281
3001920,1,0,0.318,0,0.464,1,71265,-21125,68549
3001922,0,0,0.092,0,0.162,0,140640,289754,247344
3001928,0,0,0.072,0,0.126,0,305910,638041,659590
3001930,1,0,0.693,1,0.58,1,35379,96876,20822
3001932,0,0,0.126,0,0.112,0,56460,123773,101506
3001935,1,0,0.479,0,0.47,1,20319,-53595,14061
3001939,0,0,0.08,0,0.158,0,1120200,2411135,1835320
3001940,0,1,0.158,0,0.164,0,78000,76706,96161
3001947,0,0,0.06,0,0.058,0,87639,213691,183698
3001954,0,0,0.159,0,0.168,0,46041,68727,68005
3001962,0,0,0.244,0,0.376,1,8781,-108759,28031
3001966,0,0,0.034,0,0.04,0,230859,597436,449518
3001972,0,0,0.061,0,0.118,0,236700,558455,478182
3001973,0,0,0.231,0,0.132,0,97521,128897,135344
3001975,0,0,0.14,0,0.12,0,903900,1884737,1289200
3001980,0,0,0.18,0,0.398,1,12921,-9482,23145
3001982,0,0,0.059,0,0.062,0,194481,492906,457250
3001983,0,0,0.023,0,0.044,0,246360,642691,645237
3001997,1,0,0.417,0,0.416,1,64749,12531,55417
3002012,1,0,0.813,1,0.766,1,6873,-42066,5429
3002016,1,0,0.302,0,0.694,1,1461,-70979,8844
3002019,0,0,0.014,0,0.026,0,287841,776802,753673
3002023,0,0,0.107,0,0.13,0,141519,243848,253703
3002026,0,0,0.185,0,0.106,0,90900,65886,142633
3002032,1,0,0.521,1,0.558,1,11001,-63159,10162
3002040,0,0,0.207,0,0.2,0,20520,-6720,29871
3002042,0,0,0.069,0,0.108,0,133401,270556,258987
3002045,0,0,0.166,0,0.122,0,86061,113089,154416
3002048,0,0,0.254,0,0.256,0,23739,-60256,34403
3002051,0,0,0.251,0,0.332,1,4980,-10587,13567
3002062,0,0,0.089,0,0.122,0,201360,476315,358704
3002066,0,0,0.006,0,0.038,0,663180,1645639,1855265
3002067,0,0,0.083,0,0.064,0,94041,220865,166222
3002069,0,0,0.186,0,0.404,1,112161,208470,308891
3002086,0,0,0.241,0,0.16,0,384375,689347,510428
3002092,0,0,0.156,0,0.214,0,48300,-10082,103433
3002095,0,0,0.18,0,0.148,0,89880,198453,132857
3002097,1,1,0.455,0,0.386,1,20961,-86263,13640
3002098,0,0,0.065,0,0.138,0,256020,570193,571238
3002101,0,0,0.244,0,0.1,0,88860,86592,112194
3002102,0,0,0.061,0,0.062,0,106221,231201,267772
3002105,0,0,0.063,0,0.096,0,61839,138315,150143
3002110,0,0,0.138,0,0.132,0,108621,164464,166847
3002115,1,1,0.458,0,0.48,1,9459,-107088,10633
3002119,0,0,0.138,0,0.212,0,642501,1300590,1411776
3002126,0,0,0.076,0,0.092,0,135159,347326,315628
3002132,0,0,0.268,0,0.5,1,13119,17641,16737
3002154,0,0,0.237,0,0.298,0,275250,437772,415119
3002156,0,0,0.063,0,0.068,0,86940,230151,158036
3002158,0,0,0.135,0,0.168,0,146100,266409,347029
3002160,0,0,0.121,0,0.152,0,278535,524645,492053
3002171,0,0,0.241,0,0.192,0,34380,12731,54091
3002172,0,0,0.182,0,0.228,0,72519,97804,110983
3002178,0,0,0.046,0,0.044,0,192099,487956,372906
3002187,0,0,0.238,0,0.16,0,50250,-46939,64971
3002188,0,0,0.023,0,0.192,0,159921,461499,462986
3002189,0,0,0.092,0,0.132,0,207561,425091,377120
3002192,0,0,0.131,0,0.068,0,99000,170300,177680
3002193,0,0,0.217,0,0.402,1,28500,-49323,50547
3002200,0,1,0.331,0,0.614,1,58230,-50168,57485
3002201,0,0,0.065,0,0.148,0,279081,637703,644575
3002204,0,0,0.005,0,0.048,0,502059,1266754,1050644
3002206,0,0,0.157,0,0.158,0,49620,61384,84755
3002208,1,1,0.558,1,0.766,1,4101,34603,6306
3002210,0,0,0.29,0,0.272,0,31041,20829,30354
3002228,0,0,0.238,0,0.196,0,105792,99046,134773
3002236,0,0,0.04,0,0.074,0,110379,322407,262512
3002237,0,0,0.22,0,0.258,0,34281,18921,47048
3002238,0,0,0.168,0,0.16,0,40581,23417,72105
3002241,1,0,0.317,0,0.33,1,20979,52808,23206
3002243,0,0,0.042,0,0.068,0,390159,872759,1085850
3002245,1,0,0.523,1,0.424,1,9000,-107627,8452
3002246,0,0,0.186,0,0.134,0,97320,124864,118390
3002252,0,0,0.103,0,0.148,0,124221,228032,262374
3002253,0,0,0.012,0,0.036,0,510159,1250262,1056649
3002260,0,0,0.257,0,0.246,0,142620,274948,196394
3002267,0,0,0.134,0,0.078,0,81399,148585,132967
3002280,0,0,0.183,0,0.33,1,96480,168453,129116
3002299,0,0,0.304,0,0.396,1,55500,-65193,55576
3002301,0,0,0.179,0,0.168,0,39939,55678,58205
3002305,0,0,0.199,0,0.232,0,810150,1645198,817256
3002308,1,0,0.398,0,0.39,1,48750,-45455,42212
3002309,0,1,0.092,0,0.096,0,78699,189016,142314
3002310,0,0,0.118,0,0.172,0,67479,81818,135399
3002325,0,0,0.256,0,0.222,0,63141,81250,84182
3002327,1,0,0.738,1,0.656,1,26901,69932,13166
3002335,0,0,0.289,0,0.204,0,75660,28132,90697
3002338,1,1,0.208,0,0.344,1,2619,-53561,17052
3002341,0,1,0.276,0,0.278,0,25851,-105999,36798
3002344,1,1,0.5,1,0.684,1,939,-117368,8569
3002347,0,0,0.052,0,0.076,0,236799,510869,461477
3002357,0,0,0.205,0,0.216,0,49719,86301,81089
3002358,1,0,0.325,0,0.634,1,14751,-155627,17405
3002369,0,0,0.248,0,0.194,0,84558,71621,125373
3002374,1,0,0.534,1,0.478,1,20919,-4353,20375
3002381,0,0,0.202,0,0.256,0,359958,650906,752946
3002388,0,0,0.183,0,0.138,0,190899,274975,294634
3002398,0,0,0.329,0,0.226,0,82629,11651,89531
3002401,0,0,0.124,0,0.236,0,40299,131230,73237
3002404,0,0,0.244,0,0.204,0,41121,-51159,49542
3002405,0,0,0.038,0,0.062,0,112119,281017,297738
3002406,1,1,0.301,0,0.33,1,22779,-116432,26403
3002409,0,0,0.261,0,0.286,0,90981,89600,114284
3002412,0,0,0.003,0,0.038,0,383739,1072330,1563557
3002416,0,0,0.039,0,0.15,0,182040,452155,648650
3002431,0,0,0.093,0,0.122,0,164001,325627,338257
3002433,0,1,0.192,0,0.204,0,45381,20021,62865
3002447,1,0,0.618,1,0.708,1,3780,41083,6579
3002450,0,0,0.134,0,0.122,0,138099,268016,226207
3002456,0,0,0.051,0,0.122,0,130740,358806,254011
3002457,0,0,0.175,0,0.164,0,163971,229154,304927
3002461,0,0,0.235,0,0.296,0,19821,-99622,29388
3002464,1,0,0.349,0,0.332,1,41040,-83382,45532
3002468,0,0,0.177,0,0.106,0,86319,194736,109482
3002472,0,0,0.236,0,0.25,0,90801,76710,139390
3002478,0,0,0.341,0,0.216,0,103830,77985,134425
3002480,0,0,0.133,0,0.126,0,344340,654280,566549
3002486,0,0,0.358,0,0.478,1,31140,-28294,28332
3002494,1,0,0.247,0,0.514,1,10740,-49601,15481
3002498,0,0,0.095,0,0.168,0,113400,198986,218230
3002505,1,0,0.43,0,0.596,1,7680,-155497,8963
3002511,0,0,0.125,0,0.066,0,96480,176707,156659
3002512,0,0,0.153,0,0.102,0,113079,206099,186180
3002516,0,0,0.106,0,0.116,0,126240,288099,238350
3002517,0,0,0.183,0,0.09,0,43899,-25247,67039
3002518,0,0,0.127,0,0.084,0,91761,134562,149280
3002527,0,0,0.208,0,0.214,0,61059,79600,85871
3002550,0,0,0.189,0,0.174,0,68739,93993,76945
3002561,0,0,0.097,0,0.104,0,138060,255840,236803
3002567,0,0,0.181,0,0.158,0,251220,410108,462337
3002569,0,0,0.071,0,0.084,0,96519,194644,215122
3002576,0,0,0.208,0,0.284,0,82071,22209,117460
3002579,1,0,0.602,1,0.45,1,29181,-10793,39600
3002581,1,0,0.38,0,0.48,1,19761,42302,23413
3002584,0,0,0.299,0,0.368,1,72300,-13525,82954
3002594,0,0,0.101,0,0.094,0,91419,205497,181147
3002596,0,0,0.06,0,0.092,0,66537,100325,201213
3002597,1,0,0.7,1,0.734,1,801,36962,5905
3002600,0,0,0.212,0,0.3,1,48360,93200,88380
3002605,1,0,0.399,0,0.636,1,1980,-37047,9467
3002632,0,0,0.216,0,0.176,0,585900,1139291,625832
3002634,0,0,0.392,0,0.36,1,9741,-106484,13784
3002636,0,0,0.203,0,0.09,0,74292,28207,88263
3002639,0,0,0.176,0,0.166,0,798000,1632413,1039571
3002641,0,0,0.141,0,0.134,0,63081,55139,105459
3002642,0,0,0.131,0,0.11,0,116541,238487,250641
3002644,0,0,0.219,0,0.236,0,166200,200071,251519
3002647,0,1,0.301,0,0.29,0,33750,-132925,88895
3002648,0,0,0.337,0,0.298,0,21900,13633,25760
3002649,0,0,0.013,0,0.072,0,515892,1215949,1406230
3002653,0,0,0.185,0,0.14,0,82161,107861,118256
3002657,1,1,0.937,1,0.758,1,0,109218,5630
3002659,1,0,0.609,1,0.634,1,7881,-10001,6711
3002671,1,0,0.334,0,0.54,1,6921,-70470,12477
3002675,0,1,0.051,0,0.072,0,273399,625278,672486
3002676,1,0,0.477,0,0.59,1,13560,-100337,11715
3002678,0,1,0.221,0,0.206,0,33021,61212,36324
3002680,0,0,0.236,0,0.204,0,67269,36865,83443
3002683,0,0,0.231,0,0.172,0,261351,413781,337470
3002690,0,0,0.303,0,0.45,1,20124,-129092,16390
3002693,0,0,0.042,0,0.046,0,268821,605119,671296
3002700,0,0,0.123,0,0.09,0,92040,176556,151525
3002724,0,0,0.003,0,0.034,0,416019,1150604,1306000
3002726,0,0,0.205,0,0.132,0,45861,31851,70707
3002729,1,0,0.508,1,0.59,1,20559,-8365,15678
3002735,0,0,0.16,0,0.148,0,89979,109325,118005
3002736,0,0,0.05,0,0.014,0,158079,372984,264387
3002747,0,0,0.197,0,0.21,0,74700,69053,92536
3002749,0,0,0.178,0,0.176,0,60399,82537,69955
3002751,1,0,0.523,1,0.614,1,4941,-58304,7211
3002756,0,0,0.141,0,0.072,0,72876,51235,107752
3002760,1,0,0.312,0,0.402,1,118350,63172,120165
3002764,0,0,0.186,0,0.17,0,60459,41127,74805
3002771,0,0,0.486,0,0.418,1,19914,-113588,12478
3002775,0,0,0.152,0,0.26,0,117201,218156,226634
3002783,1,0,0.248,0,0.52,1,9900,-46942,15385
3002795,0,0,0.434,0,0.55,1,5280,-91269,9881
3002803,0,0,0.08,0,0.074,0,150219,353577,291799
3002806,0,0,0.068,0,0.128,0,47679,140292,103350
3002813,0,0,0.141,0,0.21,0,49020,77338,81801
3002826,0,0,0.003,0,0.018,0,281880,864221,1073863
3002834,0,0,0.069,0,0.112,0,453549,950624,931097
3002835,0,0,0.357,0,0.368,1,36441,-50228,34071
3002838,1,0,0.475,0,0.488,1,2019,-41837,7847
3002839,0,0,0.117,0,0.086,0,87300,226947,149813
3002845,0,0,0.434,0,0.508,1,25500,-112562,14666
3002846,0,0,0.184,0,0.126,0,20460,-44588,39163
3002853,0,1,0.201,0,0.314,1,13599,-24786,15953
3002855,1,1,0.644,1,0.762,1,7881,-21531,6648
3002856,0,0,0.031,0,0.186,0,348180,854098,915556
3002865,0,0,0.251,0,0.276,0,78480,45806,119323
3002869,1,0,0.431,0,0.224,0,110832,136566,116042
3002882,0,0,0.183,0,0.222,0,25641,-13345,33820
3002884,0,0,0.007,0,0.218,0,152901,473128,495261
3002890,0,0,0.073,0,0.072,0,313671,628080,616470
3002891,0,0,0.296,0,0.178,0,120546,177029,170180
3002897,0,0,0.099,0,0.094,0,376140,768433,760869
3002902,0,0,0.24,0,0.202,0,53013,-21756,80742
3002905,1,0,0.511,1,0.338,1,28359,-30584,20775
3002909,0,0,0.074,0,0.084,0,189000,375436,401034
3002910,1,0,0.472,0,0.534,1,13899,-7095,11242
3002912,0,0,0.292,0,0.61,1,2259,-145879,9818
3002916,0,0,0.129,0,0.204,0,964500,2025753,1301885
3002918,1,0,0.452,0,0.34,1,22521,34191,21372
3002922,0,0,0.233,0,0.188,0,852300,1738280,967715
3002931,0,0,0.301,0,0.308,1,29439,-45862,28983
3002932,0,0,0.127,0,0.124,0,81459,128801,148009
3002933,1,0,0.808,1,0.79,1,10461,-6608,6570
3002940,0,0,0.092,0,0.232,0,197679,429887,370529
3002954,0,0,0.081,0,0.032,0,85320,165860,177772
3002958,0,0,0.075,0,0.112,0,136221,296217,294248
3002974,0,0,0.089,0,0.112,0,98439,237226,179878
3002980,0,0,0.13,0,0.084,0,67800,48769,139667
3002984,0,0,0.298,0,0.424,1,12441,-99643,20687
3002986,0,0,0.027,0,0.032,0,271821,725571,764757
3002994,0,0,0.12,0,0.098,0,126081,195079,225695
3002995,0,0,0.245,0,0.18,0,184599,249495,228194
3002998,0,0,0.153,0,0.154,0,29439,25353,34990
3003004,0,0,0.334,0,0.398,1,354150,585009,364869
3003011,0,0,0.303,0,0.148,0,44979,-45851,53088
3003015,0,0,0.074,0,0.102,0,472875,1000554,803760
3003020,0,0,0.279,0,0.276,0,38100,22709,42491
3003025,1,0,0.465,0,0.65,1,939,-104817,9186
3003027,0,1,0.128,0,0.11,0,134961,215825,230283
3003030,0,0,0.041,0,0.054,0,209919,471049,502469
3003035,0,0,0.222,0,0.18,0,39759,56409,52678
3003038,0,0,0.079,0,0.154,0,118419,282446,245631
3003040,0,0,0.18,0,0.266,0,59841,55646,88897
3003043,0,0,0.109,0,0.174,0,84741,169021,133267
3003045,1,0,0.45,0,0.472,1,35919,-42170,32107
3003047,0,0,0.113,0,0.084,0,170580,328030,263086
3003052,0,0,0.025,0,0.094,0,167241,484358,419956
3003056,0,0,0.163,0,0.09,0,90540,158159,138786
3003058,0,0,0.03,0,0.108,0,110301,277828,333499
3003064,0,0,0.106,0,0.024,0,81279,128940,136448
3003065,1,0,0.359,0,0.538,1,57300,-87380,77116
3003067,0,0,0.229,0,0.31,1,38658,-76223,46596
3003072,0,0,0.149,0,0.16,0,84981,182333,176461
3003073,0,0,0.028,0,0.124,0,203421,528555,523816
3003080,1,0,0.888,1,0.676,1,4080,132176,3834
3003081,1,0,0.446,0,0.51,1,3342,-143679,11794
3003083,0,0,0.243,0,0.3,1,16839,-43796,27974
3003091,0,0,0.117,0,0.078,0,108840,245002,245374
3003092,1,0,0.661,1,0.756,1,21660,2367,10553
3003096,0,0,0.086,0,0.082,0,118941,267202,204559
3003102,1,1,0.597,1,0.598,1,4659,-24728,7383
3003118,0,1,0.192,0,0.182,0,45261,41188,68061
3003127,0,0,0.289,0,0.18,0,64941,55069,88683
3003134,0,0,0.185,0,0.328,1,63960,105142,78156
3003142,0,0,0.156,0,0.132,0,36180,29968,45827
3003148,1,0,0.525,1,0.346,1,29259,-10086,28033
3003155,1,0,0.782,1,0.714,1,0,-56891,5940
3003157,0,0,0.187,0,0.152,0,116286,133603,167913
3003168,1,0,0.618,1,0.764,1,18840,-21118,12019
3003174,0,0,0.122,0,0.116,0,590925,1204916,1069880
3003177,0,0,0.168,0,0.222,0,146361,220882,269141
3003186,0,0,0.24,0,0.326,1,53580,42818,79084
3003195,0,0,0.113,0,0.132,0,159681,302809,267263
3003196,0,0,0.276,0,0.236,0,161268,187600,166697
3003205,0,0,0.021,0,0.046,0,4477500,10027051,12684627
3003211,0,0,0.08,0,0.114,0,2133300,4677755,3920860
3003212,0,0,0.104,0,0.09,0,107361,179992,203807
3003213,0,0,0.209,0,0.248,0,20799,-41537,30567
3003228,1,0,0.431,0,0.542,1,10821,-105759,11155
3003236,0,0,0.153,0,0.154,0,82599,146520,111640
3003246,0,0,0.082,0,0.088,0,72900,184455,122861
3003247,0,0,0.139,0,0.148,0,52401,113048,94499
3003256,0,0,0.011,0,0.038,0,167160,505655,534095
3003258,0,0,0.147,0,0.196,0,23499,-422,41401
3003260,0,0,0.031,0,0.058,0,753420,1663864,1286461
3003263,0,0,0.133,0,0.15,0,99900,183954,212244
3003267,0,0,0.078,0,0.136,0,186921,389804,377207
3003269,0,0,0.016,0,0.024,0,148641,404660,416241
3003271,0,0,0.051,0,0.068,0,166839,444637,391214
3003275,0,0,0.057,0,0.088,0,425100,889340,1089658
3003278,0,0,0.041,0,0.154,0,411981,941294,1139499
3003284,0,0,0.391,0,0.376,1,47940,10574,55823
3003288,1,0,0.515,1,0.562,1,9360,16831,7741
3003296,1,0,0.764,1,0.698,1,7860,2181,6613
3003308,0,0,0.047,0,0.064,0,105261,251892,345225
3003309,0,0,0.183,0,0.196,0,26979,29580,35666
3003312,0,0,0.233,0,0.114,0,81201,126170,86630
3003319,0,0,0.079,0,0.144,0,157419,378803,301989
3003325,0,0,0.15,0,0.12,0,139860,280235,216131
3003327,0,0,0.035,0,0.11,0,300960,743163,744770
3003328,0,0,0.107,0,0.106,0,55119,91088,129218
3003331,0,0,0.121,0,0.216,0,155355,250524,336391
3003332,0,0,0.168,0,0.128,0,36381,10885,67760
3003340,0,0,0.208,0,0.32,1,47481,46433,75529
3003343,0,0,0.047,0,0.11,0,386841,915067,1038583
3003350,0,0,0.362,0,0.39,1,22641,-54831,22829
3003351,0,0,0.05,0,0.05,0,152079,386232,332510
3003352,0,0,0.037,0,0.214,0,166659,409087,375657
3003357,0,0,0.122,0,0.114,0,71400,138977,129651
3003368,0,0,0.195,0,0.15,0,48960,25565,57490
3003374,0,0,0.199,0,0.17,0,1207200,2537348,1044787
3003378,0,0,0.065,0,0.254,0,251799,572613,524221
3003383,1,0,0.453,0,0.634,1,13659,23881,9565
3003384,0,0,0.079,0,0.076,0,1113600,2401865,1640507
3003387,0,0,0.157,0,0.128,0,41919,77204,58167
3003390,0,0,0.374,0,0.402,1,14700,-139349,13622
3003395,0,0,0.329,0,0.366,1,477600,860764,515778
3003409,0,0,0.076,0,0.166,0,224640,491636,337318
3003412,0,0,0.247,0,0.154,0,114507,120839,163097
3003413,0,0,0.193,0,0.192,0,231450,406351,376176
3003414,0,0,0.29,0,0.21,0,60408,-35196,52907
3003433,0,0,0.307,0,0.218,0,261150,379084,367278
3003435,0,0,0.207,0,0.212,0,47520,22207,59241
3003442,1,0,0.774,1,0.78,1,5799,42256,4952
3003447,0,0,0.194,0,0.246,0,29739,-53898,39301
3003458,1,0,0.444,0,0.4,1,16821,-56614,14663
3003460,0,0,0.212,0,0.192,0,32199,-12792,29841
3003461,0,0,0.097,0,0.104,0,276780,567676,561296
3003465,0,0,0.119,0,0.164,0,131121,240755,276377
3003466,1,0,0.336,0,0.456,1,63987,-55397,55564
3003469,0,0,0.207,0,0.194,0,48000,-550,81609
3003471,1,0,0.313,0,0.288,0,36261,88128,38918
3003472,0,0,0.085,0,0.106,0,246519,527741,685044
3003477,0,0,0.053,0,0.042,0,674301,1452971,1273652
3003478,0,0,0.124,0,0.15,0,167079,345162,256579
3003485,1,0,0.343,0,0.422,1,51840,23591,52371
3003486,0,0,0.007,0,0.04,0,236880,698382,557249
3003489,0,0,0.105,0,0.142,0,154200,269914,305658
3003492,0,0,0.155,0,0.082,0,136881,196514,222835
3003497,1,0,0.411,0,0.298,0,32421,20526,29238
3003498,0,0,0.036,0,0.076,0,3546300,7903482,8904491
3003499,0,0,0.327,0,0.29,0,28059,-33124,44118
3003504,0,0,0.277,0,0.23,0,42642,-80885,50510
3003506,0,0,0.166,0,0.128,0,593901,1183085,799089
3003507,0,0,0.257,0,0.344,1,13680,-91618,15420
3003508,1,0,0.296,0,0.546,1,9240,-86228,13586
3003509,1,0,0.285,0,0.39,1,40341,29643,39543
3003510,0,0,0.011,0,0.058,0,302361,766432,954077
3003511,0,0,0.184,0,0.168,0,79341,99380,99655
3003514,0,0,0.036,0,0.008,0,126741,373737,320572
3003520,0,0,0.15,0,0.072,0,26481,13219,51848
3003524,0,0,0.053,0,0.07,0,136161,355517,345608
3003530,0,0,0.261,0,0.246,0,138351,130666,147246
3003546,0,0,0.276,0,0.306,1,21600,-91065,22751
3003553,0,0,0.32,0,0.342,1,11361,18593,16693
3003558,0,0,0.009,0,0.118,0,456180,1101788,1302858
3003565,0,0,0.218,0,0.2,0,49281,45458,72064
3003566,0,0,0.237,0,0.334,1,12600,-87560,23001
3003569,0,0,0.12,0,0.184,0,43419,68876,91638
3003571,0,0,0.307,0,0.374,1,104049,33176,103480
3003573,0,0,0.178,0,0.176,0,172875,241739,315440
3003576,0,0,0.199,0,0.218,0,85374,54897,107326
3003578,0,0,0.112,0,0.092,0,41781,68295,76103
3003579,0,0,0.213,0,0.154,0,85620,75190,99799
3003587,1,0,0.388,0,0.45,1,6060,6677,10291
3003588,0,0,0.015,0,0.04,0,288180,760614,915005
3003596,0,0,0.076,0,0.074,0,82581,173485,156357
3003597,1,0,0.452,0,0.42,1,23559,48177,27939
3003599,0,0,0.218,0,0.154,0,126870,134503,150320
3003601,0,0,0.099,0,0.116,0,196521,404300,308967
3003603,0,0,0.176,0,0.17,0,218301,385346,274085
3003606,0,0,0.155,0,0.136,0,142740,230321,261743
3003607,0,0,0.299,0,0.434,1,14031,-122651,17181
3003610,1,0,0.333,0,0.532,1,83349,-5494,93953
3003613,0,0,0.053,0,0.072,0,136380,302665,316036
3003614,0,0,0.165,0,0.118,0,98019,125087,143704
3003617,0,1,0.343,0,0.256,0,44655,-50228,46712
3003624,0,0,0.199,0,0.194,0,119940,205542,140928
3003625,0,0,0.246,0,0.226,0,264900,417470,290258
3003631,0,0,0.07,0,0.104,0,152286,290417,362492
3003639,0,0,0.105,0,0.164,0,141471,233008,269901
3003641,0,0,0.117,0,0.08,0,74079,84656,135309
3003642,0,0,0.15,0,0.172,0,67008,42649,134437
3003648,0,0,0.165,0,0.126,0,60831,9398,92876
3003654,1,0,0.674,1,0.638,1,17859,-31853,10525
3003662,0,0,0.111,0,0.08,0,138840,236829,262841
3003666,0,0,0.078,0,0.236,0,282441,641439,639285
3003667,0,0,0.344,0,0.366,1,19359,-37448,19725
3003668,0,0,0.019,0,0.18,0,99999,345968,277793
3003669,0,0,0.158,0,0.132,0,284736,524777,449504
3003671,0,0,0.149,0,0.16,0,48981,14035,133400
3003674,0,0,0.166,0,0.142,0,170961,273994,209148
3003677,0,0,0.193,0,0.302,1,35100,20163,33674
3003678,0,0,0.118,0,0.11,0,70800,148219,110122
3003682,0,0,0.017,0,0.058,0,154821,464697,580571
3003684,1,0,0.497,0,0.444,1,6861,-33555,9801
3003691,0,0,0.189,0,0.148,0,116232,137893,145264
3003699,0,0,0.15,0,0.088,0,127599,186227,231342
3003701,0,0,0.132,0,0.086,0,95880,153304,145068
3003712,0,0,0.108,0,0.112,0,326013,624098,668689
3003720,0,0,0.262,0,0.214,0,47940,-30650,68847
3003724,1,0,0.905,1,0.672,1,0,48791,4529
3003731,0,0,0.208,0,0.3,1,15261,-57080,19898
3003734,1,0,0.638,1,0.69,1,13341,-8434,7092
3003739,0,0,0.263,0,0.382,1,7500,-24405,15136
3003748,0,0,0.144,0,0.092,0,79419,98710,92049
3003754,0,0,0.046,0,0.072,0,252081,542152,601128
3003758,1,0,0.564,1,0.42,1,7701,28812,8136
3003764,1,0,0.502,1,0.488,1,17901,-7027,23099
3003768,0,0,0.181,0,0.2,0,63321,67227,87767
3003770,1,1,0.432,0,0.304,1,26001,-42381,24032
3003785,0,0,0.099,0,0.146,0,2099100,4589839,3784662
3003786,0,0,0.182,0,0.24,0,95460,209075,134053
3003791,1,0,0.376,0,0.452,1,5481,-34502,10248
3003801,0,0,0.173,0,0.116,0,969750,2015435,1003268
3003808,0,0,0.057,0,0.054,0,104439,220798,215219
3003826,0,0,0.016,0,0.028,0,604413,1386325,1090579
3003827,0,0,0.145,0,0.194,0,46761,40778,80251
3003839,0,0,0.148,0,0.092,0,76500,101557,134867
3003843,0,1,0.193,0,0.276,0,20340,-3684,25550
3003846,0,0,0.214,0,0.458,1,1680,-83695,13183
3003852,0,1,0.278,0,0.296,0,14679,-35216,15824
3003858,1,0,0.433,0,0.28,0,41301,-12350,42165
3003868,0,0,0.325,0,0.432,1,27519,31519,36048
3003871,0,0,0.234,0,0.346,1,41559,8023,52839
3003872,1,0,0.274,0,0.41,1,11220,-11740,13408
3003874,0,0,0.108,0,0.04,0,74220,171022,136309
3003875,0,0,0.198,0,0.312,1,54201,82922,64668
3003876,0,0,0.072,0,0.152,0,284067,566580,607429
3003881,0,0,0.221,0,0.202,0,836100,1691828,909408
3003888,0,0,0.375,0,0.418,1,29040,-25216,28071
3003901,0,0,0.232,0,0.128,0,247800,393125,309550
3003904,0,0,0.018,0,0.062,0,184860,533496,467711
3003906,1,0,0.335,0,0.37,1,17100,-31727,12920
3003908,0,0,0.297,0,0.556,1,13260,-137392,14470
3003915,0,0,0.376,0,0.254,0,53400,-38371,52809
3003916,1,0,0.648,1,0.702,1,5280,102,6426
3003919,0,0,0.29,0,0.208,0,74340,120437,68357
3003929,0,0,0.288,0,0.502,1,0,-78721,11091
3003930,1,0,0.312,0,0.436,1,3381,-159947,11148
3003931,0,0,0.268,0,0.22,0,351699,613705,397156
3003936,0,0,0.113,0,0.102,0,21819,52489,46538
3003937,1,0,0.487,0,0.448,1,31779,104011,39473
3003945,0,0,0.217,0,0.156,0,374550,662921,592391
3003946,0,1,0.184,0,0.172,0,57579,70801,86714
3003948,0,1,0.176,0,0.136,0,90621,203209,100036
3003957,0,0,0.132,0,0.084,0,110241,261780,215885
3003971,0,0,0.357,0,0.374,1,34020,-27117,44600
3003977,0,0,0.129,0,0.196,0,241236,427523,437996
3003983,1,0,0.841,1,0.82,1,2121,107102,5009
3003987,0,0,0.058,0,0.09,0,230040,544036,448254
3003988,0,0,0.191,0,0.266,0,20361,-22432,23211
3003989,0,0,0.236,0,0.24,0,52260,-13033,66731
3003994,0,0,0.198,0,0.216,0,19041,-11517,21194
3004006,0,0,0.058,0,0.154,0,54441,114238,157313
3004009,0,0,0.233,0,0.17,0,40320,3429,42752
3004012,0,0,0.201,0,0.114,0,942600,1942128,799630
3004013,0,0,0.311,0,0.348,1,8481,-129065,15779
3004014,0,0,0.021,0,0.052,0,303459,740646,619491
3004018,0,0,0.166,0,0.124,0,93159,132200,104828
3004024,0,0,0.086,0,0.172,0,159939,300381,278113
3004025,0,0,0.126,0,0.072,0,86079,153684,151289
3004028,0,0,0.155,0,0.13,0,712950,1456170,1069936
3004030,0,0,0.184,0,0.354,1,33300,58976,51282
3004034,0,0,0.287,0,0.386,1,52599,-80769,68450
3004045,0,0,0.075,0,0.06,0,89340,221312,213403
3004050,0,0,0.421,0,0.448,1,30399,-51209,26252
3004060,0,0,0.313,0,0.39,1,31959,-51241,27410
3004066,0,0,0.19,0,0.232,0,27840,-3145,39073
3004072,1,0,0.412,0,0.344,1,40119,80673,37332
3004073,0,0,0.249,0,0.356,1,52581,4538,65021
3004076,0,0,0.108,0,0.148,0,282900,533777,556881
3004079,1,0,0.399,0,0.47,1,48936,-69645,38896
3004080,0,0,0.129,0,0.136,0,194880,384542,297565
3004085,0,0,0.219,0,0.218,0,32040,-35812,30528
3004086,0,0,0.223,0,0.212,0,17259,-87262,41418
3004110,0,0,0.203,0,0.082,0,208719,338412,250713
3004111,0,0,0.073,0,0.018,0,84261,203134,148486
3004117,0,0,0.129,0,0.256,0,41280,74572,72010
3004121,0,0,0.052,0,0.082,0,250680,629278,589120
3004122,0,0,0.041,0,0.042,0,162501,404258,325453
3004132,1,0,0.412,0,0.496,1,6261,10946,8822
3004135,0,0,0.008,0,0.06,0,385659,1034343,1291803
3004137,0,0,0.266,0,0.26,0,142614,159978,162027
3004149,1,0,0.618,1,0.594,1,21540,26465,17051
3004150,0,0,0.082,0,0.12,0,133701,339964,309328
3004157,0,0,0.243,0,0.3,1,30741,-71062,39901
3004171,0,0,0.064,0,0.066,0,170100,365867,341040
3004173,0,0,0.276,0,0.25,0,382299,679102,450905
3004179,0,0,0.11,0,0.102,0,123561,285330,233405
3004186,1,0,0.434,0,0.32,1,88374,77761,84608
3004187,0,0,0.109,0,0.162,0,67320,93619,159576
3004188,0,0,0.12,0,0.112,0,35520,52095,53362
3004189,0,0,0.106,0,0.142,0,155580,274606,302674
3004209,1,1,0.52,1,0.638,1,3180,-40506,7799
3004213,0,0,0.258,0,0.194,0,76740,84299,82504
3004218,0,0,0.135,0,0.15,0,88260,104343,151764
3004222,1,0,0.399,0,0.3,1,44400,-6463,65948
3004225,0,0,0.079,0,0.118,0,113520,242824,280446
3004231,0,0,0.067,0,0.074,0,99060,243185,247567
3004239,0,0,0.038,0,0.08,0,158160,351855,342218
3004242,1,0,0.818,1,0.716,1,15819,244,9105
3004251,0,0,0.199,0,0.194,0,54840,82853,74497
3004265,0,0,0.325,0,0.424,1,99675,14495,128624
3004270,0,0,0.277,0,0.304,1,18720,-5629,13367
3004278,0,0,0.263,0,0.184,0,54099,56605,74355
3004279,0,0,0.065,0,0.072,0,248859,570976,489689
3004280,0,0,0.143,0,0.192,0,24141,45140,36756
3004282,1,0,0.275,0,0.472,1,15540,-37428,14955
3004286,1,0,0.433,0,0.68,1,2079,-17797,8894
3004287,0,0,0.095,0,0.118,0,107019,188039,211363
3004293,0,0,0.026,0,0.064,0,170400,484718,349017
3004294,0,0,0.15,0,0.072,0,77169,66945,124163
3004305,0,0,0.123,0,0.124,0,150150,245578,260282
3004312,0,0,0.193,0,0.136,0,104661,217016,143914
3004313,0,0,0.2,0,0.406,1,9639,-23992,16850
3004318,1,0,0.411,0,0.612,1,3060,983,7558
3004321,1,0,0.705,1,0.794,1,2019,29747,5193
3004327,0,0,0.248,0,0.298,0,15099,-44089,20411
3004336,0,0,0.073,0,0.122,0,239979,511771,645092
3004353,0,0,0.413,0,0.624,1,11892,-116567,11128
3004366,0,0,0.013,0,0.058,0,330819,807540,789865
3004370,0,1,0.229,0,0.328,1,20601,-96231,25537
3004383,0,0,0.193,0,0.304,1,21459,27090,34152
3004387,0,0,0.096,0,0.096,0,112200,237834,217401
3004389,0,0,0.069,0,0.122,0,144480,297348,350593
3004391,0,0,0.143,0,0.098,0,56100,50782,101254
3004395,0,1,0.207,0,0.372,1,13920,-31565,34184
3004402,0,0,0.203,0,0.192,0,798300,1614210,845712
3004415,1,0,0.399,0,0.438,1,13920,34448,13389
3004416,0,0,0.335,0,0.252,0,34230,-75787,38977
3004419,0,0,0.064,0,0.19,0,39540,96273,86112
3004421,0,0,0.259,0,0.302,1,220950,301244,205156
3004428,0,0,0.284,0,0.266,0,99900,42236,106187
3004437,0,0,0.235,0,0.326,1,20181,-10343,27686
3004444,0,0,0.063,0,0.054,0,1094799,2373804,1841601
3004446,0,0,0.09,0,0.028,0,173901,294315,314760
3004449,0,0,0.178,0,0.122,0,132780,213682,192850
3004456,1,0,0.468,0,0.512,1,3201,-78792,7724
3004460,0,0,0.152,0,0.102,0,164958,261412,233984
3004471,0,0,0.09,0,0.058,0,70359,149810,131049
3004475,1,0,0.421,0,0.362,1,23841,31015,19476
3004494,0,0,0.03,0,0.126,0,476700,1118879,901060
3004508,1,0,0.443,0,0.402,1,53001,14387,56135
3004510,0,0,0.36,0,0.474,1,16221,-12252,17996
3004514,0,0,0.257,0,0.238,0,184287,234030,237439
3004526,1,0,0.658,1,0.762,1,2799,43638,5468
3004529,0,0,0.016,0,0.07,0,382281,944664,912478
3004535,0,0,0.145,0,0.112,0,58659,40936,84916
3004536,0,0,0.291,0,0.486,1,21081,-54128,21529
3004541,0,0,0.117,0,0.138,0,290481,633069,531434
3004542,0,0,0.183,0,0.216,0,29580,71333,47867
3004543,1,0,0.484,0,0.484,1,201,-128901,21677
3004548,0,0,0.207,0,0.246,0,14019,-8292,24701
3004550,0,0,0.051,0,0.092,0,156081,400690,278600
3004555,0,0,0.247,0,0.366,1,11619,-54133,23579
3004559,0,0,0.135,0,0.186,0,264687,481338,472008
3004562,0,0,0.365,0,0.56,1,1941,-43435,9433
3004565,0,0,0.045,0,0.16,0,157680,412707,419263
3004578,0,0,0.011,0,0.036,0,209301,619900,763645
3004580,0,0,0.137,0,0.17,0,30159,71055,60508
3004582,0,0,0.16,0,0.208,0,26901,39375,54739
3004595,0,0,0.128,0,0.12,0,227220,431460,404994
3004598,0,0,0.011,0,0.026,0,306939,843440,937125
3004600,1,1,0.223,0,0.488,1,1620,-55596,15660
3004608,0,0,0.208,0,0.218,0,88524,69462,126648
3004610,0,0,0.135,0,0.124,0,105660,219563,164101
3004615,0,0,0.034,0,0.078,0,142881,392615,356761
3004618,1,0,0.168,0,0.22,0,95760,283289,177693
3004627,0,0,0.357,0,0.42,1,5259,-107109,11072
3004640,0,0,0.114,0,0.088,0,69660,147913,125514
3004646,0,0,0.3,0,0.36,1,251499,362378,237866
3004650,0,0,0.068,0,0.094,0,231681,506713,402317
3004653,0,0,0.178,0,0.202,0,98961,190548,162284
3004658,0,1,0.184,0,0.112,0,128931,166562,213208
3004660,0,0,0.138,0,0.112,0,65820,94165,139002
3004662,0,0,0.155,0,0.19,0,63300,95691,118573
3004665,0,0,0.296,0,0.294,0,44061,23348,57522
3004667,0,0,0.331,0,0.438,1,9099,-162502,12139
3004673,0,0,0.296,0,0.356,1,150501,138726,138354
3004675,0,0,0.187,0,0.17,0,138399,195233,198745
3004677,0,0,0.183,0,0.158,0,50961,16156,88141
3004679,0,0,0.131,0,0.094,0,125700,173949,244275
3004681,0,0,0.259,0,0.256,0,87630,28254,111723
3004682,0,0,0.199,0,0.194,0,54201,23182,80074
3004696,0,0,0.245,0,0.224,0,63600,-16774,89018
3004697,0,0,0.236,0,0.29,0,55920,1120,40934
3004698,0,0,0.24,0,0.176,0,29859,-11923,49882
3004705,0,0,0.13,0,0.096,0,60780,53904,105734
3004719,0,0,0.073,0,0.098,0,295413,585829,570873
3004720,0,0,0.289,0,0.262,0,13299,-70084,26416
3004724,0,0,0.03,0,0.054,0,256941,618334,740864
3004726,0,0,0.132,0,0.134,0,69261,149063,91864
3004730,1,0,0.317,0,0.286,0,43341,-55182,49664
3004737,0,0,0.298,0,0.284,0,65175,-45154,61196
3004739,0,0,0.174,0,0.138,0,42921,23162,74604
3004748,0,0,0.189,0,0.156,0,43692,-24322,62655
3004756,0,0,0.053,0,0.04,0,156639,349714,326133
3004759,0,0,0.342,0,0.532,1,40458,-103035,30276
3004761,0,0,0.081,0,0.082,0,847050,1806883,1437932
3004768,0,0,0.049,0,0.082,0,186960,474999,503459
3004769,0,0,0.195,0,0.162,0,89139,84361,160917
3004775,0,0,0.011,0,0.046,0,206559,629036,634126
3004802,0,0,0.269,0,0.226,0,19686,-123151,21600
3004815,0,0,0.192,0,0.138,0,98190,74432,125040
3004819,0,0,0.288,0,0.232,0,45987,-40525,66667
3004826,0,0,0.063,0,0.052,0,91581,228475,175565
3004829,0,0,0.042,0,0.054,0,206499,482565,639384
3004830,1,0,0.275,0,0.264,0,31059,84737,50892
3004834,1,0,0.715,1,0.52,1,33219,104667,29108
3004837,0,0,0.188,0,0.114,0,81138,45609,113257
3004846,0,0,0.16,0,0.144,0,79140,110271,118099
3004847,0,0,0.061,0,0.032,0,90801,244522,196115
3004849,0,0,0.114,0,0.224,0,39120,27248,62347
3004864,0,0,0.054,0,0.032,0,94980,270709,202124
3004866,0,0,0.178,0,0.136,0,94200,156963,125398
3004867,0,0,0.052,0,0.092,0,140559,377282,396383
3004870,0,0,0.117,0,0.156,0,165639,293532,280705
3004877,0,0,0.044,0,0.118,0,172839,367634,525987
3004878,0,0,0.218,0,0.222,0,81360,97516,126546
3004889,1,1,0.873,1,0.67,1,9360,149441,5608
3004897,0,0,0.025,0,0.1,0,127260,329195,315575
3004899,0,0,0.156,0,0.068,0,78021,143836,122790
3004917,0,0,0.095,0,0.068,0,88641,234355,156401
3004919,0,0,0.36,0,0.44,1,15699,-174173,21980
3004921,0,0,0.161,0,0.274,0,22620,-8438,42352
3004923,0,0,0.138,0,0.198,0,60219,31633,131578
3004924,0,0,0.362,0,0.46,1,15267,-143277,25562
3004925,0,0,0.054,0,0.076,0,81459,181012,217876
3004932,1,1,0.643,1,0.788,1,0,42593,6482
3004935,1,0,0.856,1,0.818,1,12240,49716,4434
3004941,1,0,0.277,0,0.288,0,21261,-95272,20690
3004944,0,0,0.034,0,0.042,0,288231,639483,722261
3004946,0,0,0.107,0,0.092,0,114480,242432,197952
3004948,0,0,0.099,0,0.154,0,141861,280276,263463
3004960,0,0,0.261,0,0.318,1,189000,248783,257794
3004962,0,0,0.007,0,0.04,0,596520,1448973,1772773
3004966,1,0,0.204,0,0.232,0,79419,142888,106064
3004976,1,0,0.398,0,0.34,1,34941,91655,37538
3004977,0,0,0.18,0,0.12,0,64401,54759,88752
3004978,0,0,0.177,0,0.182,0,37440,-4331,52414
3004982,1,0,0.537,1,0.636,1,780,31425,6743
3004986,0,0,0.145,0,0.164,0,86460,215484,118489
3004994,0,0,0.392,0,0.482,1,14886,-116911,13602
3004999,0,0,0.054,0,0.04,0,143241,310300,408126
3005002,0,0,0.186,0,0.262,0,26421,-24045,33513
3005005,0,0,0.101,0,0.186,0,170361,316645,319507
3005011,0,0,0.041,0,0.05,0,471651,1019727,876982
3005012,0,1,0.171,0,0.186,0,66759,73002,91322
3005016,0,0,0.065,0,0.106,0,114699,201047,334192
3005025,0,0,0.047,0,0.082,0,123561,298181,302405
3005026,0,0,0.318,0,0.33,1,101850,18070,148805
3005028,0,0,0.018,0,0.046,0,211380,591165,544061
3005029,0,0,0.233,0,0.286,0,24540,-20975,19128
3005033,0,1,0.297,0,0.35,1,8781,-40285,13636
3005038,0,0,0.453,0,0.468,1,43014,-53869,28797
3005041,0,0,0.086,0,0.086,0,251280,467082,395408
3005042,0,0,0.127,0,0.166,0,174681,325069,281682
3005046,0,0,0.126,0,0.09,0,139620,266649,263743
3005049,0,0,0.185,0,0.204,0,62541,65769,81341
3005052,0,0,0.048,0,0.072,0,171861,456931,347800
3005065,0,0,0.237,0,0.192,0,144150,156710,206161
3005068,0,0,0.251,0,0.254,0,43800,30153,50900
3005071,0,0,0.147,0,0.234,0,296760,536433,460249
3005072,0,0,0.089,0,0.04,0,138240,233421,270562
3005085,1,1,0.514,1,0.53,1,2301,-126531,8084
3005090,0,0,0.144,0,0.138,0,46101,114213,72876
3005095,0,0,0.142,0,0.146,0,76500,144504,119741
3005097,0,0,0.156,0,0.184,0,556350,1097460,1044008
3005100,0,0,0.21,0,0.172,0,364200,647810,632105
3005102,0,0,0.211,0,0.228,0,32721,21512,38183
3005104,0,0,0.177,0,0.148,0,617700,1224676,798808
3005106,0,0,0.282,0,0.27,0,423000,746156,642097
3005113,0,0,0.02,0,0.024,0,233241,621244,553858
3005115,0,0,0.208,0,0.194,0,157500,252570,250580
3005123,0,0,0.121,0,0.144,0,263958,474294,406926
3005125,0,0,0.276,0,0.342,1,21174,-124738,28160
3005126,0,0,0.297,0,0.296,0,26760,-77991,27366
3005127,0,0,0.072,0,0.112,0,158919,377718,298688
3005141,0,0,0.02,0,0.068,0,265119,614169,799805
3005142,0,0,0.143,0,0.114,0,117561,174831,210754
3005144,0,0,0.21,0,0.066,0,111276,106647,158079
3005146,0,0,0.082,0,0.118,0,190863,361057,445696
3005158,0,0,0.27,0,0.384,1,352500,592689,756487
3005165,0,0,0.265,0,0.202,0,553299,1053951,584711
3005178,0,0,0.231,0,0.138,0,119442,101648,111753
3005180,1,0,0.764,1,0.69,1,0,-104892,6754
3005186,0,0,0.31,0,0.3,1,30408,-95787,25222
3005194,0,0,0.102,0,0.274,0,889101,1888601,1911161
3005200,0,0,0.157,0,0.178,0,51099,57669,108810
3005208,0,0,0.033,0,0.162,0,147600,321408,431949
3005214,0,0,0.404,0,0.378,1,230100,323886,182166
3005216,1,1,0.927,1,0.828,1,0,58057,4949
3005219,0,0,0.035,0,0.132,0,174399,392613,417544
3005224,0,0,0.008,0,0.046,0,136179,501842,493261
3005226,1,0,0.635,1,0.696,1,2319,-64851,7929
3005227,0,0,0.154,0,0.124,0,84981,154663,123213
3005236,0,0,0.004,0,0.032,0,230421,742607,799254
3005238,0,0,0.228,0,0.186,0,90942,60738,109228
3005246,0,0,0.03,0,0.052,0,323439,740535,782393
3005247,0,0,0.25,0,0.218,0,94632,71116,148994
3005248,0,0,0.221,0,0.28,0,11781,-42930,15693
3005252,0,0,0.258,0,0.162,0,138180,262758,234247
3005255,0,0,0.306,0,0.212,0,89364,66911,105170
3005256,0,0,0.033,0,0.066,0,77859,218904,263635
3005260,0,0,0.224,0,0.364,1,42459,-49518,49582
3005265,0,0,0.112,0,0.112,0,146040,225774,228249
3005268,0,0,0.213,0,0.216,0,83664,40996,131332
3005277,0,0,0.129,0,0.078,0,86259,153927,178876
3005287,0,0,0.404,0,0.312,1,24687,-118823,14400
3005288,0,1,0.253,0,0.266,0,32940,-54159,47573
3005289,0,0,0.175,0,0.176,0,90861,192341,120540
3005290,0,0,0.026,0,0.098,0,173040,475353,402666
3005291,0,0,0.047,0,0.064,0,84060,260601,200163
3005293,0,0,0.155,0,0.154,0,146340,376374,251332
3005294,1,0,0.432,0,0.57,1,21000,-156475,17147
3005295,0,0,0.105,0,0.134,0,73101,150565,111322
3005302,0,0,0.34,0,0.316,1,67500,111614,65578
3005309,1,0,0.904,1,0.698,1,0,39226,4227
3005319,0,0,0.228,0,0.254,0,1351500,2844127,1678648
3005325,1,1,0.37,0,0.446,1,1059,-128467,11543
3005328,0,0,0.113,0,0.102,0,169599,320134,284510
3005330,0,0,0.142,0,0.06,0,120540,245739,192596
3005334,0,0,0.206,0,0.184,0,74241,66155,93797
3005340,0,0,0.102,0,0.118,0,694800,1446523,1461610
3005357,0,1,0.213,0,0.314,1,33621,5984,37808
3005364,0,0,0.163,0,0.12,0,46041,-9406,78524
3005365,0,0,0.343,0,0.224,0,34659,-43824,30912
3005371,0,0,0.087,0,0.116,0,117780,261971,278323
3005381,0,0,0.048,0,0.082,0,202920,514934,589773
3005383,0,0,0.11,0,0.092,0,191751,322435,315920
3005388,1,0,0.764,1,0.866,1,0,-64981,6827
3005390,1,0,0.314,0,0.312,1,8220,-103614,11773
3005394,0,0,0.203,0,0.286,0,61119,40743,108820
3005403,0,0,0.192,0,0.18,0,78381,113352,135845
3005411,0,0,0.023,0,0.064,0,151140,455855,512813
3005413,1,0,0.426,0,0.468,1,49119,106595,44425
3005417,0,0,0.098,0,0.084,0,118959,271775,230106
3005432,0,0,0.162,0,0.17,0,107850,99980,185495
3005435,0,0,0.12,0,0.136,0,174501,345118,297676
3005438,0,0,0.162,0,0.196,0,25401,24611,37934
3005449,0,0,0.145,0,0.076,0,92781,126828,133542
3005456,0,0,0.128,0,0.052,0,132819,284047,235173
3005460,0,0,0.183,0,0.186,0,102699,116020,130631
3005462,0,0,0.098,0,0.072,0,66741,169083,146492
3005463,0,0,0.278,0,0.42,1,93636,48008,90042
3005464,0,0,0.058,0,0.122,0,221481,503461,522821
3005471,0,0,0.088,0,0.102,0,102279,230242,172186
3005473,0,1,0.242,0,0.338,1,18339,-52453,29569
3005479,0,0,0.164,0,0.146,0,117621,229618,172699
3005485,0,0,0.262,0,0.248,0,554400,1050497,616115
3005486,0,0,0.232,0,0.296,0,11721,-100783,20136
3005487,0,0,0.17,0,0.144,0,71199,112196,89069
3005488,0,0,0.109,0,0.106,0,118059,249933,240464
3005491,0,0,0.257,0,0.24,0,43179,-9002,63474
3005505,1,0,0.555,1,0.574,1,16500,-45360,11362
3005510,0,0,0.106,0,0.202,0,1887900,4109351,3301265
3005516,0,0,0.361,0,0.414,1,117699,81603,82972
3005520,0,0,0.304,0,0.376,1,38739,-56410,33592
3005544,0,0,0.225,0,0.144,0,54858,-27056,85120
3005558,0,0,0.111,0,0.138,0,93120,212329,186262
3005565,0,0,0.157,0,0.12,0,73221,53708,95764
3005574,0,0,0.267,0,0.276,0,31641,10104,46784
3005585,0,0,0.357,0,0.284,0,119649,129477,101795
3005588,0,0,0.191,0,0.288,0,66900,55232,114366
3005590,0,0,0.245,0,0.182,0,67260,38310,76513
3005596,0,0,0.017,0,0.12,0,201879,590049,556525
3005601,0,0,0.143,0,0.162,0,533250,1073887,815868
3005602,0,0,0.012,0,0.072,0,250641,694286,641307
3005609,0,0,0.057,0,0.056,0,215760,503016,536733
3005613,1,0,0.464,0,0.508,1,14721,-96354,11840
3005615,0,0,0.291,0,0.22,0,57141,15845,70498
3005619,0,0,0.19,0,0.136,0,56439,86976,72883
3005621,1,0,0.425,0,0.48,1,8241,-81677,9757
3005622,1,1,0.287,0,0.446,1,5799,-116268,10684
3005623,1,0,0.642,1,0.69,1,18561,72870,10967
3005625,0,0,0.275,0,0.302,1,40761,-39794,47643
3005638,1,1,0.628,1,0.656,1,34899,86461,31501
3005646,0,0,0.075,0,0.116,0,477630,1000009,848294
3005653,0,0,0.208,0,0.172,0,52659,319,61112
3005666,0,0,0.022,0,0.042,0,369741,864662,942327
3005669,0,0,0.301,0,0.584,1,1860,-10526,8978
3005675,0,0,0.372,0,0.422,1,36501,-120051,27904
3005679,0,1,0.36,0,0.532,1,17199,-168504,31637
3005681,1,0,0.361,0,0.492,1,11001,-103501,10443
3005682,1,0,0.542,1,0.496,1,0,-15417,25682
3005688,0,0,0.107,0,0.08,0,52299,74445,95055
3005689,0,0,0.18,0,0.122,0,49680,52451,63361
3005698,0,0,0.302,0,0.244,0,16680,-121360,14065
3005699,0,0,0.141,0,0.096,0,223875,376065,257984
3005703,0,0,0.082,0,0.086,0,548280,1136792,1009562
3005704,0,0,0.22,0,0.196,0,50559,24899,67237
3005707,0,0,0.138,0,0.148,0,133221,223089,202972
3005709,1,0,0.444,0,0.368,1,44760,35772,45954
3005710,0,0,0.24,0,0.186,0,52959,13615,67534
3005713,0,1,0.388,0,0.582,1,21732,-120217,19323
3005737,0,0,0.083,0,0.174,0,194379,395338,302660
3005739,0,0,0.208,0,0.216,0,45261,97390,68489
3005743,0,0,0.17,0,0.246,0,48840,74980,83937
3005744,0,0,0.285,0,0.484,1,5220,-69593,12138
3005747,0,0,0.038,0,0.102,0,195939,494342,593509
3005748,0,0,0.213,0,0.158,0,197829,329569,258843
3005749,0,0,0.003,0,0.106,0,423660,1144064,1787350
3005750,0,0,0.188,0,0.122,0,39399,32916,53110
3005751,0,0,0.27,0,0.232,0,57699,48843,60807
3005755,0,0,0.154,0,0.132,0,124293,164764,206336
3005763,0,0,0.111,0,0.092,0,115920,176114,192270
3005765,1,0,0.246,0,0.466,1,10839,-56710,16887
3005773,0,0,0.074,0,0.192,0,173379,418972,315749
3005806,1,0,0.247,0,0.376,1,49659,20077,49426
3005807,0,0,0.221,0,0.308,1,31719,9570,38394
3005811,1,0,0.648,1,0.72,1,12651,-112406,8322
3005826,0,0,0.147,0,0.128,0,68760,93522,106239
3005838,0,0,0.158,0,0.13,0,76500,57355,125446
3005843,0,0,0.077,0,0.144,0,275040,641203,600965
3005854,1,0,0.449,0,0.444,1,11121,-80685,11036
3005857,1,0,0.505,1,0.452,1,20520,-33664,17569
3005865,0,0,0.201,0,0.108,0,300801,516689,354865
3005868,0,0,0.033,0,0.042,0,264780,662953,724016
3005871,0,0,0.138,0,0.216,0,412020,792695,916457
3005872,0,0,0.01,0,0.112,0,648381,1595124,1569855
3005876,0,1,0.2,0,0.242,0,47040,9296,84584
3005877,0,0,0.171,0,0.316,1,3021,-27198,19874
3005887,0,0,0.165,0,0.182,0,45561,74586,65150
3005888,0,0,0.244,0,0.3,1,21141,24931,33560
3005896,0,0,0.265,0,0.274,0,396900,693341,876755
3005901,0,0,0.283,0,0.284,0,63474,-4097,73396
3005911,0,0,0.322,0,0.31,1,377400,634293,545453
3005914,1,0,0.27,0,0.29,0,27321,-49929,34515
3005920,1,0,0.362,0,0.382,1,44220,39600,62294
3005925,0,0,0.311,0,0.472,1,0,-181687,16770
3005927,0,0,0.067,0,0.038,0,458049,963030,819811
3005928,0,0,0.217,0,0.21,0,58500,-16616,81505
3005929,0,0,0.174,0,0.31,1,24060,81818,35803
3005931,0,0,0.002,0,0.082,0,348159,1014644,1469852
3005932,0,0,0.117,0,0.11,0,179601,340505,347263
3005940,0,0,0.093,0,0.104,0,134421,306958,201868
3005943,0,0,0.065,0,0.062,0,59220,168163,91266
3005944,1,0,0.52,1,0.556,1,10860,-148050,9604
3005952,0,0,0.349,0,0.282,0,31560,8754,25110
3005958,0,0,0.139,0,0.186,0,247935,447258,411755
3005959,0,0,0.153,0,0.104,0,269100,462648,352011
3005961,0,0,0.12,0,0.206,0,1693200,3664231,3362210
3005967,0,0,0.273,0,0.126,0,52062,-31664,70392
3005969,1,0,0.508,1,0.674,1,15000,13787,9468
3005970,0,0,0.285,0,0.3,1,337050,554926,461160
3005973,0,0,0.258,0,0.12,0,110001,118998,157535
3005974,1,1,0.871,1,0.79,1,0,-46246,4762
3005993,1,0,0.386,0,0.682,1,2439,-155136,8126
3005998,0,0,0.22,0,0.208,0,42819,1968,54373
3006002,0,0,0.223,0,0.166,0,68025,-1528,83799
3006006,1,0,0.326,0,0.358,1,62700,170129,81450
3006008,0,0,0.036,0,0.088,0,191799,497376,506711
3006010,0,0,0.18,0,0.292,0,53481,55995,59945
3006011,0,0,0.216,0,0.374,1,5700,-64582,15788
3006013,1,0,0.509,1,0.618,1,4941,-67971,13411
3006018,0,0,0.133,0,0.116,0,38961,70247,64777
3006021,0,0,0.106,0,0.14,0,217221,448159,317123
3006028,0,0,0.285,0,0.356,1,54087,-46877,69964
3006030,0,0,0.091,0,0.074,0,100959,189633,207236
3006036,0,0,0.236,0,0.378,1,12381,-7422,15111
3006046,0,0,0.006,0,0.076,0,157821,529233,638972
3006050,0,0,0.203,0,0.174,0,809700,1650250,738623
3006055,0,0,0.146,0,0.096,0,90321,134238,123999
3006069,0,0,0.166,0,0.312,1,138660,170659,271140
3006073,0,0,0.03,0,0.198,0,246639,568044,667699
3006090,0,0,0.308,0,0.352,1,260400,374680,318619
3006097,0,0,0.062,0,0.084,0,241560,510037,543157
3006109,1,0,0.574,1,0.704,1,4680,23896,7324
3006119,0,0,0.151,0,0.172,0,31299,48060,50977
3006126,0,0,0.072,0,0.142,0,170433,311808,478195
3006127,0,0,0.183,0,0.15,0,31881,20574,49262
3006132,0,0,0.068,0,0.074,0,139680,300582,295733
3006136,0,0,0.163,0,0.172,0,32541,23841,53568
3006141,0,0,0.177,0,0.158,0,67680,101755,112267
3006144,1,0,0.247,0,0.25,0,41439,-24410,46591
3006146,0,0,0.27,0,0.304,1,124140,90737,122839
3006151,0,0,0.039,0,0.072,0,188940,483593,445204
3006164,0,0,0.338,0,0.366,1,72900,-14591,76745
3006173,1,1,0.327,0,0.438,1,109701,36182,137607
3006174,0,0,0.144,0,0.09,0,65859,116199,91816
3006178,0,0,0.071,0,0.042,0,89760,213911,208102
3006179,1,0,0.928,1,0.688,1,4620,138147,3329
3006181,0,0,0.113,0,0.108,0,77214,95605,133088
3006185,0,0,0.176,0,0.16,0,1754100,3768576,1757547
3006189,0,0,0.414,0,0.446,1,0,-147831,10040
3006190,0,0,0.055,0,0.124,0,148020,420572,430613
3006206,0,0,0.079,0,0.076,0,180114,335233,316890
3006208,0,0,0.365,0,0.502,1,7161,-44807,11795
3006209,0,0,0.04,0,0.042,0,141579,349079,284358
3006216,0,0,0.126,0,0.104,0,218829,397185,349297
3006217,0,0,0.239,0,0.258,0,147714,219073,234577
3006224,1,0,0.319,0,0.286,0,41400,-13896,43200
3006225,0,0,0.164,0,0.202,0,281799,527262,635456
3006226,0,0,0.185,0,0.094,0,114792,133833,179763
3006229,0,0,0.127,0,0.16,0,144861,284384,290056
3006231,0,0,0.118,0,0.17,0,85740,176376,138223
3006234,0,0,0.005,0,0.084,0,605520,1470561,1713504
3006239,0,0,0.045,0,0.08,0,224400,497360,559162
3006242,0,0,0.14,0,0.102,0,93600,144836,140365
3006243,0,0,0.007,0,0.084,0,496440,1299933,1345500
3006246,1,0,0.401,0,0.534,1,63300,-68356,58963
3006249,1,0,0.277,0,0.41,1,27681,-58732,30941
3006251,0,0,0.104,0,0.11,0,84321,152732,136975
3006255,0,0,0.115,0,0.114,0,486675,970720,697067
3006256,1,0,0.301,0,0.402,1,15360,-22001,11418
3006260,0,0,0.175,0,0.218,0,49701,66683,74721
3006278,0,0,0.2,0,0.12,0,34239,4800,35231
3006284,0,0,0.339,0,0.488,1,501600,922834,633154
3006291,0,0,0.259,0,0.166,0,40839,21312,47571
3006293,0,0,0.223,0,0.198,0,65961,13619,106607
3006297,1,0,0.378,0,0.47,1,216600,279110,213337
3006299,0,0,0.118,0,0.12,0,74820,128169,116550
3006308,0,0,0.152,0,0.068,0,71280,108035,105152
3006311,0,0,0.034,0,0.056,0,145980,355343,417021
3006312,1,0,0.406,0,0.442,1,9000,-104232,10519
3006317,0,0,0.095,0,0.158,0,147180,362472,312341
3006318,0,0,0.11,0,0.174,0,122949,179358,315503
3006319,0,0,0.173,0,0.148,0,70221,92413,92070
3006321,0,0,0.377,0,0.28,0,21099,-101673,15858
3006334,0,0,0.097,0,0.176,0,66765,60996,126469
3006336,0,0,0.274,0,0.284,0,29130,-85631,40047
3006350,0,1,0.176,0,0.136,0,75480,87281,140743
3006351,0,0,0.033,0,0.034,0,303999,700753,562407
3006352,0,0,0.068,0,0.09,0,121239,272025,291589
3006354,0,0,0.105,0,0.166,0,89520,200984,190413
3006357,0,0,0.268,0,0.218,0,80271,9288,72321
3006362,0,0,0.147,0,0.098,0,84960,122291,138989
3006367,0,0,0.01,0,0.034,0,814560,1878724,2149098
3006369,0,0,0.126,0,0.05,0,100179,159069,143721
3006374,0,0,0.205,0,0.122,0,237300,385527,364093
3006378,0,0,0.228,0,0.236,0,1964700,4221190,2318177
3006381,0,0,0.075,0,0.146,0,190980,460472,487392
3006384,0,0,0.247,0,0.254,0,20739,-49886,25162
3006387,0,0,0.113,0,0.088,0,51561,110589,84501
3006398,1,0,0.875,1,0.742,1,2799,-15820,4819
3006405,1,0,0.435,0,0.602,1,6261,-52322,9280
3006411,0,0,0.065,0,0.056,0,276381,600460,646994
3006419,0,0,0.14,0,0.094,0,123861,187650,207506
3006436,0,0,0.086,0,0.094,0,202893,380414,376125
3006439,0,0,0.337,0,0.378,1,31320,-28650,24019
3006447,0,0,0.297,0,0.306,1,20340,-108294,18040
3006450,0,0,0.047,0,0.122,0,233199,536687,457496
3006452,0,0,0.076,0,0.078,0,806760,1728213,1599152
3006453,0,0,0.05,0,0.12,0,166020,408244,339291
3006462,0,0,0.253,0,0.192,0,50919,-31481,65176
3006464,1,0,0.469,0,0.516,1,6021,-76998,13862
3006472,0,0,0.197,0,0.204,0,46341,47215,58473
3006473,0,0,0.029,0,0.034,0,281340,656022,845127
3006480,0,0,0.096,0,0.122,0,146808,244377,284259
3006482,1,0,0.571,1,0.612,1,13734,-114667,8746
3006487,0,0,0.166,0,0.156,0,78021,57900,127425
3006488,1,0,0.508,1,0.304,1,10479,73270,10829
3006489,0,0,0.354,0,0.328,1,49242,-55567,55851
3006500,1,1,0.357,0,0.61,1,11121,-84204,13038
3006501,0,0,0.206,0,0.192,0,795300,1608451,879034
3006505,0,0,0.199,0,0.118,0,97086,79252,127187
3006507,0,0,0.06,0,0.046,0,104739,214088,193280
3006508,0,0,0.08,0,0.078,0,960450,2053633,2051270
3006509,0,0,0.373,0,0.214,0,46476,-20876,57239
3006518,0,0,0.148,0,0.174,0,58419,131399,116542
3006519,0,0,0.161,0,0.158,0,19239,19836,32725
3006523,0,0,0.047,0,0.052,0,138219,360540,284441
3006531,0,0,0.287,0,0.302,1,93759,119768,137285
3006537,0,1,0.237,0,0.22,0,46380,71720,68367
3006551,0,0,0.17,0,0.134,0,78780,153987,91397
3006553,1,0,0.83,1,0.876,1,10539,55294,4911
3006556,0,0,0.328,0,0.314,1,40500,16296,41241
3006565,1,0,0.49,0,0.408,1,8100,-42987,10475
3006575,0,0,0.163,0,0.15,0,52539,61537,61940
3006576,0,1,0.246,0,0.48,1,8940,-34467,15528
3006582,0,0,0.178,0,0.176,0,82050,55889,121931
3006584,0,0,0.256,0,0.218,0,42987,-44020,65818
3006588,1,0,0.254,0,0.506,1,9120,-22229,15197
3006592,0,0,0.238,0,0.178,0,167400,208374,250257
3006618,0,1,0.352,0,0.402,1,73599,-41735,67805
3006622,0,0,0.14,0,0.116,0,37299,50416,67623
3006631,0,0,0.31,0,0.434,1,53100,-82538,69258
3006636,1,0,0.513,1,0.608,1,3600,-152622,8317
3006640,0,0,0.281,0,0.284,0,79632,7440,71292
3006642,0,0,0.164,0,0.17,0,170526,255781,255769
3006649,1,0,0.46,0,0.31,1,135558,158796,118118
3006657,1,0,0.3,0,0.234,0,94140,198885,123603
3006659,0,0,0.158,0,0.174,0,81420,144665,102378
3006666,0,0,0.036,0,0.062,0,120219,291801,313690
3006668,0,0,0.121,0,0.12,0,33060,47962,82421
3006678,1,0,0.417,0,0.632,1,11481,-49577,11074
3006682,0,0,0.028,0,0.112,0,234540,598896,451863
3006685,0,0,0.167,0,0.138,0,35541,10851,52442
3006692,1,0,0.47,0,0.444,1,32940,72712,37344
3006695,0,0,0.123,0,0.186,0,60180,127654,90277
3006696,0,0,0.106,0,0.158,0,120180,190589,248174
3006701,0,0,0.137,0,0.058,0,89259,158138,190017
3006705,0,0,0.208,0,0.128,0,77640,90259,74036
3006712,1,0,0.603,1,0.542,1,0,4778,7361
3006716,1,0,0.259,0,0.448,1,8721,-99672,15064
3006717,0,0,0.131,0,0.184,0,43200,85127,103523
3006720,0,0,0.096,0,0.104,0,54840,154323,104436
3006722,0,0,0.048,0,0.088,0,3621000,8049011,6777312
3006734,0,0,0.295,0,0.326,1,57924,-31131,66913
3006753,0,0,0.006,0,0.034,0,594360,1475246,1410985
3006758,0,0,0.13,0,0.206,0,63699,131918,107629
3006766,0,0,0.192,0,0.182,0,9180,-46860,15963
3006767,0,0,0.125,0,0.146,0,135999,258411,214805
3006768,1,0,0.314,0,0.364,1,14700,-13331,14173
3006770,0,0,0.144,0,0.116,0,45759,50406,81167
3006772,0,0,0.248,0,0.32,1,1161900,2412707,1635167
3006784,0,0,0.199,0,0.136,0,69261,27659,112747
3006796,0,0,0.176,0,0.202,0,143340,175167,205106
3006808,0,0,0.191,0,0.184,0,105180,147960,152643
3006809,0,0,0.322,0,0.346,1,36000,27531,39408
3006815,0,0,0.089,0,0.106,0,199086,377331,419969
3006817,0,0,0.23,0,0.092,0,34839,-16039,49044
3006821,1,0,0.472,0,0.552,1,10290,-135396,10733
3006824,0,0,0.031,0,0.028,0,92040,245434,244518
3006831,0,0,0.153,0,0.07,0,122874,159839,184453
3006832,0,0,0.149,0,0.112,0,84120,158879,167893
3006842,0,0,0.192,0,0.142,0,74640,46549,108649
3006849,0,0,0.132,0,0.184,0,47241,77850,72642
3006854,0,0,0.157,0,0.214,0,43461,47582,71964
3006861,0,0,0.164,0,0.216,0,978699,2041156,1365975
3006872,0,0,0.211,0,0.322,1,223050,335552,318011
3006875,0,0,0.022,0,0.058,0,223740,560801,478084
3006876,0,0,0.007,0,0.038,0,372960,971089,944758
3006879,0,0,0.155,0,0.12,0,47079,28676,71353
3006882,1,0,0.361,0,0.264,0,55581,-18830,51194
3006893,0,0,0.074,0,0.116,0,105339,197770,239410
3006898,1,0,0.368,0,0.474,1,112551,58909,108703
3006902,0,0,0.231,0,0.234,0,44880,-17712,63236
3006909,1,0,0.448,0,0.57,1,0,17908,8246
3006912,0,0,0.074,0,0.044,0,141975,253153,221023
3006913,0,0,0.194,0,0.112,0,91113,57449,153519
3006916,0,0,0.021,0,0.134,0,321159,825900,1213694
3006918,0,0,0.125,0,0.072,0,67719,107444,96081
3006925,1,1,0.47,0,0.586,1,2820,-61480,7017
3006929,0,0,0.116,0,0.156,0,52839,84022,123390
3006936,0,0,0.205,0,0.238,0,1059201,2208076,1929677
3006948,0,0,0.214,0,0.222,0,18801,-11010,26616
3006950,0,0,0.232,0,0.254,0,153981,188108,242784
3006955,0,0,0.122,0,0.258,0,247950,444153,592647
3006959,1,0,0.496,0,0.372,1,19500,-25077,14083
3006967,0,0,0.223,0,0.132,0,51039,-368,66730
3006971,1,0,0.219,0,0.19,0,93720,124540,126478
3006972,0,0,0.271,0,0.282,0,736800,1450119,884210
3006975,0,0,0.031,0,0.092,0,512121,1207156,1079665
3006977,0,0,0.161,0,0.14,0,55455,6105,93428
3006990,1,0,0.38,0,0.484,1,0,-204192,8315
3006991,0,0,0.073,0,0.082,0,133221,303117,230624
3006994,0,0,0.145,0,0.18,0,66081,135475,91191
3007001,0,0,0.057,0,0.106,0,217179,527012,550473
3007003,0,0,0.002,0,0.058,0,207360,708809,1194053
3007007,0,0,0.283,0,0.282,0,58779,41494,55590
3007009,0,0,0.051,0,0.108,0,269139,595644,825286
3007012,0,0,0.284,0,0.162,0,347700,590256,613663
3007018,1,0,0.265,0,0.3,1,109659,191217,177189
3007019,0,0,0.083,0,0.178,0,330468,657988,674886
3007025,1,0,0.311,0,0.446,1,18699,-125547,13881
3007026,0,0,0.111,0,0.096,0,66159,157373,100681
3007028,0,0,0.014,0,0.044,0,239019,611641,573560
3007037,0,0,0.092,0,0.08,0,145839,312510,249857
3007038,0,0,0.151,0,0.128,0,115458,128770,215174
3007045,1,0,0.216,0,0.434,1,12741,-19386,16422
3007052,0,0,0.007,0,0.042,0,360420,952624,1239417
3007057,0,0,0.163,0,0.204,0,59880,103419,119421
3007064,0,0,0.273,0,0.366,1,161226,210732,279923
3007067,0,0,0.196,0,0.144,0,130692,158840,182861
3007070,0,0,0.154,0,0.21,0,21399,39200,32844
3007077,0,0,0.341,0,0.268,0,33492,-91731,28161
3007088,0,0,0.075,0,0.068,0,67059,167980,112683
3007092,1,0,0.312,0,0.298,0,47739,105379,59660
3007094,0,0,0.299,0,0.286,0,51699,96373,91614
3007105,0,0,0.073,0,0.096,0,265176,530700,675395
3007110,0,0,0.305,0,0.392,1,7380,-47791,12081
3007118,1,0,0.435,0,0.61,1,13800,-24592,11875
3007122,0,0,0.02,0,0.09,0,174120,438866,420216
3007128,1,0,0.632,1,0.732,1,5460,-34659,6646
3007142,0,1,0.134,0,0.08,0,89319,178066,125180
3007151,0,0,0.006,0,0.046,0,174381,548820,546275
3007152,0,0,0.277,0,0.446,1,28692,-103422,27980
3007155,0,0,0.157,0,0.122,0,63480,98192,142603
3007159,1,0,0.301,0,0.252,0,33420,7708,30197
3007161,0,0,0.225,0,0.248,0,25632,-90855,35894
3007167,0,0,0.233,0,0.248,0,37500,35610,45364
3007169,0,0,0.307,0,0.36,1,92601,30376,93302
3007191,0,0,0.142,0,0.186,0,142101,283906,222500
3007197,0,0,0.13,0,0.136,0,81240,115547,116712
3007205,1,0,0.373,0,0.39,1,21960,-91983,16088
3007206,0,0,0.377,0,0.444,1,33873,-62897,31330
3007211,0,0,0.142,0,0.246,0,269400,497580,474810
3007212,0,0,0.122,0,0.05,0,123081,276551,208672
3007216,0,0,0.221,0,0.108,0,178314,260608,245377
3007221,0,0,0.12,0,0.25,0,138801,257477,302468
3007232,0,0,0.237,0,0.266,0,54051,-21708,67293
3007234,0,0,0.085,0,0.1,0,103800,232235,255747
3007239,0,0,0.062,0,0.074,0,83559,159755,206302
3007242,0,0,0.115,0,0.114,0,1136499,2426651,1944397
3007247,0,0,0.318,0,0.306,1,17220,-116907,21501
3007251,0,0,0.158,0,0.13,0,57261,69024,82838
3007261,1,0,0.213,0,0.396,1,17241,-18793,17415
3007276,0,0,0.184,0,0.128,0,97179,136761,159135
3007277,0,0,0.244,0,0.2,0,30000,5828,32949
3007278,1,0,0.384,0,0.412,1,20868,-122146,17623
3007288,1,0,0.832,1,0.828,1,10035,-41106,6146
3007293,0,0,0.128,0,0.086,0,99261,188298,155500
3007301,0,0,0.188,0,0.126,0,80640,194263,123836
3007309,0,0,0.038,0,0.21,0,165879,402118,391418
3007323,1,0,0.592,1,0.702,1,14019,-6681,8052
3007332,0,0,0.287,0,0.278,0,41079,58292,47317
3007339,0,0,0.028,0,0.086,0,216681,570026,657358
3007343,0,0,0.226,0,0.146,0,88521,121486,124963
3007344,0,0,0.141,0,0.22,0,52140,21122,110227
3007358,1,1,0.68,1,0.704,1,0,-21435,7020
3007360,0,0,0.357,0,0.33,1,61371,-40778,49298
3007364,0,0,0.188,0,0.158,0,102501,245829,147868
3007367,0,0,0.104,0,0.116,0,61899,130785,89827
3007369,0,0,0.512,1,0.614,1,30801,-105634,23943
3007376,0,0,0.25,0,0.142,0,68961,63306,94582
3007381,0,0,0.176,0,0.094,0,39159,-19111,59986
3007385,0,0,0.084,0,0.188,0,148299,301516,349395
3007390,0,0,0.273,0,0.236,0,19845,-124138,18352
3007391,0,0,0.095,0,0.152,0,2907300,6400384,4877771
3007395,0,0,0.195,0,0.21,0,114864,105496,135647
3007398,0,0,0.188,0,0.252,0,66501,61998,91193
3007401,0,0,0.063,0,0.054,0,97941,195941,189397
3007405,1,1,0.385,0,0.62,1,23841,-67265,14211
3007407,1,0,0.775,1,0.788,1,5421,86342,5758
3007410,0,0,0.312,0,0.192,0,51579,3528,70408
3007413,0,0,0.093,0,0.094,0,86379,204278,142966
3007415,0,0,0.023,0,0.054,0,336840,793130,832027
3007416,0,0,0.304,0,0.308,1,93450,20479,95565
3007417,0,0,0.063,0,0.15,0,34761,83971,97004
3007418,0,0,0.115,0,0.136,0,170868,283778,295136
3007420,0,0,0.054,0,0.136,0,179661,426151,435078
3007422,0,0,0.092,0,0.112,0,217371,398081,433611
3007428,0,0,0.02,0,0.076,0,344019,841834,1230369
3007430,1,0,0.245,0,0.346,1,4260,-33850,11575
3007431,0,0,0.049,0,0.096,0,278499,667306,717284
3007435,0,0,0.2,0,0.138,0,104199,87218,158035
3007436,1,0,0.445,0,0.466,1,7020,-173522,10564
3007437,0,0,0.02,0,0.088,0,235461,599451,707192
3007441,0,0,0.261,0,0.214,0,70407,16638,85880
3007442,0,0,0.138,0,0.194,0,82119,93094,157938
3007444,1,0,0.197,0,0.228,0,89520,195271,188745
3007451,0,0,0.157,0,0.218,0,115350,118138,225879
3007452,0,0,0.125,0,0.142,0,2745000,6016750,4276578
3007455,1,0,0.924,1,0.892,1,0,-8935,5265
3007461,0,0,0.113,0,0.148,0,138420,290926,244705
3007473,0,1,0.198,0,0.132,0,127758,130448,193016
3007483,0,0,0.335,0,0.502,1,0,-198546,55097
3007498,0,0,0.083,0,0.15,0,3572100,7899829,5600331
3007503,0,0,0.244,0,0.19,0,43779,2820,69943
3007508,0,0,0.233,0,0.23,0,27600,46070,31880
3007512,0,0,0.242,0,0.226,0,103500,69296,100163
3007517,0,0,0.205,0,0.222,0,47619,5206,60869
3007528,0,0,0.068,0,0.1,0,151680,363577,288945
3007529,0,0,0.25,0,0.108,0,283740,458272,312947
3007536,0,0,0.14,0,0.068,0,104739,225224,164641
3007537,0,0,0.241,0,0.168,0,69480,36955,88111
3007546,0,0,0.259,0,0.186,0,26361,-73751,36635
3007549,0,0,0.236,0,0.26,0,63840,16650,83380
3007553,0,0,0.286,0,0.264,0,325500,537711,304736
3007554,0,0,0.024,0,0.044,0,247440,650871,586001
3007570,1,0,0.695,1,0.61,1,19473,-58231,15260
3007571,0,0,0.209,0,0.202,0,48000,-12683,68368
3007575,0,0,0.226,0,0.398,1,33681,-1009,35923
3007576,0,0,0.038,0,0.04,0,90480,290505,218642
3007583,0,0,0.314,0,0.336,1,23079,-32354,19704
3007590,1,0,0.423,0,0.43,1,3600,-81438,9089
3007597,0,0,0.245,0,0.486,1,26040,-63846,27894
3007604,0,0,0.018,0,0.124,0,1290450,2908666,3040549
3007610,0,0,0.231,0,0.192,0,1432200,3023628,1991548
3007611,1,0,0.48,0,0.436,1,42300,5829,49914
3007614,0,0,0.055,0,0.082,0,151680,311469,307232
3007629,1,1,0.586,1,0.63,1,11379,-31923,7170
3007633,0,0,0.125,0,0.106,0,107454,133593,209124
3007640,0,0,0.28,0,0.274,0,48039,42690,67453
3007641,0,0,0.078,0,0.044,0,102021,215333,181197
3007644,1,0,0.374,0,0.392,1,23940,37421,13125
3007651,0,0,0.266,0,0.212,0,35238,-60728,37495
3007652,0,0,0.222,0,0.116,0,194835,335177,267263
3007653,0,0,0.191,0,0.128,0,116592,126286,209663
3007654,0,0,0.175,0,0.134,0,191559,425623,333970
3007655,0,0,0.121,0,0.07,0,65658,57944,103918
3007669,1,0,0.323,0,0.342,1,21993,-123802,19738
3007670,1,1,0.387,0,0.482,1,10050,-195675,23490
3007681,0,0,0.122,0,0.06,0,196329,322252,312835
3007686,0,0,0.291,0,0.43,1,61500,-55390,58644
3007691,0,0,0.132,0,0.088,0,157281,283001,210072
3007699,0,0,0.158,0,0.106,0,54699,67605,98221
3007701,0,0,0.161,0,0.14,0,68259,66091,100510
3007702,0,0,0.257,0,0.27,0,18921,-88868,20203
3007715,0,0,0.014,0,0.072,0,192561,571906,602754
3007720,1,0,0.307,0,0.366,1,18540,4810,29505
3007722,0,0,0.08,0,0.092,0,286419,600881,527963
3007727,0,0,0.242,0,0.326,1,57960,43812,54689
3007739,0,0,0.127,0,0.178,0,3195000,7022863,5418798
3007753,0,0,0.288,0,0.18,0,29199,-48005,59650
3007758,0,1,0.262,0,0.184,0,127140,106098,115724
3007759,0,0,0.323,0,0.208,0,85500,47409,105480
3007763,0,0,0.28,0,0.284,0,5199,-80242,11559
3007764,1,0,0.311,0,0.262,0,24360,18636,24893
3007773,0,0,0.215,0,0.26,0,16140,-55008,16040
3007777,1,0,0.504,1,0.372,1,42201,42290,62219
3007797,0,0,0.054,0,0.042,0,386568,813535,692223
3007805,0,0,0.328,0,0.442,1,51939,23887,48650
3007807,0,0,0.251,0,0.222,0,524100,983764,554030
3007822,0,0,0.118,0,0.128,0,74841,103902,129494
3007823,0,0,0.136,0,0.134,0,79860,81533,152498
3007824,0,0,0.113,0,0.132,0,283500,530675,519123
3007825,0,0,0.01,0,0.046,0,331620,887952,1065384
3007834,0,0,0.04,0,0.13,0,414990,901704,626588
3007835,0,0,0.185,0,0.18,0,67200,39909,101525
3007837,1,0,0.351,0,0.452,1,85800,-20899,82173
3007838,1,0,0.756,1,0.808,1,1740,43578,5264
3007840,0,0,0.317,0,0.4,1,6339,-127878,13583
3007843,0,0,0.073,0,0.138,0,210501,440316,376843
3007846,1,0,0.362,0,0.472,1,18726,-130641,12284
3007848,0,0,0.06,0,0.114,0,189249,370965,378506
3007852,0,1,0.07,0,0.056,0,80220,210674,151303
3007858,0,0,0.317,0,0.462,1,5619,-51154,13018
3007862,0,0,0.191,0,0.106,0,391800,715903,573623
3007868,0,0,0.182,0,0.214,0,44760,45478,70054
3007870,0,0,0.126,0,0.176,0,108633,127876,186677
3007890,0,0,0.177,0,0.196,0,33300,54764,52739
3007892,1,0,0.912,1,0.722,1,0,28325,6042
3007893,0,0,0.138,0,0.1,0,600501,1211691,1209551
3007899,1,0,0.355,0,0.552,1,6939,-20604,12555
3007906,1,1,0.272,0,0.466,1,8340,-112676,14707
3007918,0,0,0.206,0,0.218,0,20160,-31117,36088
3007926,0,0,0.066,0,0.09,0,167400,332041,348351
3007930,0,0,0.101,0,0.396,1,293880,674937,822574
3007936,0,0,0.008,0,0.038,0,127359,458513,407313
3007938,0,0,0.093,0,0.07,0,121200,236970,257051
3007950,0,0,0.049,0,0.034,0,179541,449240,463212
3007955,0,0,0.06,0,0.106,0,236001,566767,523808
3007957,0,0,0.186,0,0.168,0,164790,243854,243491
3007958,0,0,0.148,0,0.17,0,39621,34852,70729
3007959,0,0,0.36,0,0.418,1,27159,-5621,29395
3007981,0,0,0.246,0,0.176,0,48321,74403,51933
3007982,0,0,0.306,0,0.25,0,41913,-24193,66339
3007983,0,0,0.21,0,0.198,0,80529,108953,138871
3007984,0,0,0.137,0,0.194,0,183441,418358,356476
3007986,0,0,0.248,0,0.25,0,18399,36294,28052
3007989,1,0,0.353,0,0.34,1,38019,85716,45104
3007995,0,0,0.345,0,0.592,1,4920,-137185,11133
3007999,0,0,0.025,0,0.052,0,210480,572265,489929
