"cliente_id","pred_b"
3000003,0
3000004,0
3000007,0
3000010,1
3000026,0
3000027,1
3000029,0
3000030,0
3000035,0
3000050,0
3000075,1
3000077,1
3000081,0
3000082,0
3000092,0
3000099,1
3000102,0
3000107,0
3000114,0
3000121,0
3000122,1
3000125,1
3000135,0
3000138,0
3000140,0
3000142,0
3000144,0
3000149,1
3000154,0
3000158,0
3000170,0
3000172,1
3000176,0
3000179,0
3000182,1
3000189,1
3000193,0
3000199,0
3000201,1
3000216,1
3000222,1
3000239,0
3000250,0
3000253,0
3000263,1
3000268,0
3000278,0
3000280,0
3000281,0
3000285,0
3000291,1
3000293,0
3000294,0
3000299,1
3000307,1
3000316,0
3000324,1
3000326,1
3000328,0
3000341,1
3000343,0
3000346,0
3000357,1
3000358,0
3000362,0
3000364,1
3000371,0
3000375,0
3000376,0
3000381,0
3000388,0
3000401,0
3000403,0
3000408,0
3000412,0
3000413,0
3000416,0
3000426,0
3000434,0
3000441,0
3000459,0
3000461,0
3000470,0
3000475,0
3000478,0
3000480,0
3000481,1
3000489,0
3000497,0
3000499,0
3000509,1
3000514,0
3000515,1
3000516,1
3000526,0
3000535,1
3000551,1
3000553,0
3000554,0
3000557,0
3000568,0
3000579,1
3000582,1
3000583,1
3000586,0
3000588,0
3000591,1
3000600,0
3000607,0
3000621,1
3000630,0
3000633,0
3000639,1
3000641,0
3000643,0
3000646,0
3000654,0
3000658,0
3000663,0
3000676,0
3000681,1
3000685,0
3000687,0
3000692,0
3000695,1
3000702,0
3000711,1
3000715,0
3000717,0
3000728,0
3000735,0
3000736,0
3000737,1
3000742,0
3000743,1
3000744,0
3000745,0
3000751,1
3000754,0
3000755,1
3000761,0
3000767,0
3000768,0
3000771,0
3000773,0
3000775,0
3000776,0
3000781,1
3000785,0
3000786,1
3000794,0
3000799,0
3000805,0
3000813,0
3000815,1
3000818,0
3000820,0
3000824,0
3000825,1
3000826,0
3000829,0
3000831,1
3000834,0
3000835,0
3000843,0
3000848,0
3000850,0
3000867,0
3000874,0
3000876,1
3000881,0
3000882,0
3000884,0
3000894,0
3000895,0
3000904,0
3000905,0
3000912,0
3000913,1
3000920,0
3000923,1
3000929,0
3000948,0
3000954,1
3000968,0
3000969,1
3000977,0
3000978,0
3000980,0
3000985,0
3000991,1
3001000,0
3001001,0
3001004,0
3001014,1
3001015,0
3001016,0
3001028,0
3001038,0
3001043,0
3001047,0
3001050,1
3001067,0
3001068,0
3001070,0
3001074,0
3001079,0
3001080,0
3001081,1
3001083,0
3001091,1
3001094,0
3001096,0
3001099,1
3001102,0
3001112,0
3001114,0
3001120,0
3001123,0
3001128,1
3001130,0
3001137,1
3001153,1
3001154,0
3001157,0
3001161,0
3001164,0
3001165,0
3001166,0
3001167,1
3001168,0
3001174,0
3001175,0
3001178,0
3001186,1
3001195,1
3001199,1
3001200,0
3001207,0
3001208,1
3001210,0
3001211,0
3001214,0
3001236,0
3001243,0
3001246,0
3001258,0
3001261,0
3001265,0
3001267,0
3001268,1
3001269,0
3001276,0
3001287,0
3001295,0
3001319,0
3001320,0
3001321,0
3001323,0
3001331,0
3001332,1
3001333,0
3001341,1
3001343,1
3001355,1
3001370,1
3001380,0
3001382,1
3001385,0
3001387,0
3001390,1
3001394,1
3001396,0
3001401,0
3001411,0
3001414,0
3001419,1
3001429,0
3001430,0
3001431,0
3001435,0
3001436,0
3001443,0
3001455,1
3001457,0
3001461,0
3001468,0
3001469,0
3001479,1
3001481,0
3001482,0
3001487,0
3001495,1
3001500,1
3001505,0
3001509,0
3001516,0
3001520,0
3001521,1
3001524,1
3001530,1
3001536,0
3001543,0
3001546,1
3001557,0
3001559,0
3001562,0
3001570,0
3001574,0
3001578,0
3001580,0
3001583,0
3001606,0
3001607,1
3001612,0
3001615,0
3001617,0
3001619,0
3001637,0
3001645,0
3001656,0
3001658,1
3001664,0
3001672,0
3001674,1
3001683,0
3001684,0
3001685,1
3001696,0
3001697,0
3001698,0
3001713,1
3001715,0
3001716,1
3001717,0
3001723,0
3001741,0
3001742,1
3001744,0
3001757,0
3001762,1
3001763,0
3001767,0
3001768,1
3001774,0
3001780,1
3001785,1
3001786,0
3001791,0
3001793,1
3001801,1
3001808,0
3001809,0
3001814,0
3001821,0
3001824,1
3001841,1
3001858,0
3001880,0
3001881,0
3001888,0
3001892,1
3001894,0
3001899,0
3001900,0
3001906,0
3001908,0
3001915,1
3001918,0
3001920,1
3001922,0
3001928,0
3001930,1
3001932,0
3001935,1
3001939,0
3001940,0
3001947,0
3001954,0
3001962,1
3001966,0
3001972,0
3001973,0
3001975,0
3001980,1
3001982,0
3001983,0
3001997,1
3002012,1
3002016,1
3002019,0
3002023,0
3002026,0
3002032,1
3002040,0
3002042,0
3002045,0
3002048,0
3002051,1
3002062,0
3002066,0
3002067,0
3002069,1
3002086,0
3002092,0
3002095,0
3002097,1
3002098,0
3002101,0
3002102,0
3002105,0
3002110,0
3002115,1
3002119,0
3002126,0
3002132,1
3002154,0
3002156,0
3002158,0
3002160,0
3002171,0
3002172,0
3002178,0
3002187,0
3002188,0
3002189,0
3002192,0
3002193,1
3002200,1
3002201,0
3002204,0
3002206,0
3002208,1
3002210,0
3002228,0
3002236,0
3002237,0
3002238,0
3002241,1
3002243,0
3002245,1
3002246,0
3002252,0
3002253,0
3002260,0
3002267,0
3002280,1
3002299,1
3002301,0
3002305,0
3002308,1
3002309,0
3002310,0
3002325,0
3002327,1
3002335,0
3002338,1
3002341,0
3002344,1
3002347,0
3002357,0
3002358,1
3002369,0
3002374,1
3002381,0
3002388,0
3002398,0
3002401,0
3002404,0
3002405,0
3002406,1
3002409,0
3002412,0
3002416,0
3002431,0
3002433,0
3002447,1
3002450,0
3002456,0
3002457,0
3002461,0
3002464,1
3002468,0
3002472,0
3002478,0
3002480,0
3002486,1
3002494,1
3002498,0
3002505,1
3002511,0
3002512,0
3002516,0
3002517,0
3002518,0
3002527,0
3002550,0
3002561,0
3002567,0
3002569,0
3002576,0
3002579,1
3002581,1
3002584,1
3002594,0
3002596,0
3002597,1
3002600,1
3002605,1
3002632,0
3002634,1
3002636,0
3002639,0
3002641,0
3002642,0
3002644,0
3002647,0
3002648,0
3002649,0
3002653,0
3002657,1
3002659,1
3002671,1
3002675,0
3002676,1
3002678,0
3002680,0
3002683,0
3002690,1
3002693,0
3002700,0
3002724,0
3002726,0
3002729,1
3002735,0
3002736,0
3002747,0
3002749,0
3002751,1
3002756,0
3002760,1
3002764,0
3002771,1
3002775,0
3002783,1
3002795,1
3002803,0
3002806,0
3002813,0
3002826,0
3002834,0
3002835,1
3002838,1
3002839,0
3002845,1
3002846,0
3002853,1
3002855,1
3002856,0
3002865,0
3002869,0
3002882,0
3002884,0
3002890,0
3002891,0
3002897,0
3002902,0
3002905,1
3002909,0
3002910,1
3002912,1
3002916,0
3002918,1
3002922,0
3002931,1
3002932,0
3002933,1
3002940,0
3002954,0
3002958,0
3002974,0
3002980,0
3002984,1
3002986,0
3002994,0
3002995,0
3002998,0
3003004,1
3003011,0
3003015,0
3003020,0
3003025,1
3003027,0
3003030,0
3003035,0
3003038,0
3003040,0
3003043,0
3003045,1
3003047,0
3003052,0
3003056,0
3003058,0
3003064,0
3003065,1
3003067,1
3003072,0
3003073,0
3003080,1
3003081,1
3003083,1
3003091,0
3003092,1
3003096,0
3003102,1
3003118,0
3003127,0
3003134,1
3003142,0
3003148,1
3003155,1
3003157,0
3003168,1
3003174,0
3003177,0
3003186,1
3003195,0
3003196,0
3003205,0
3003211,0
3003212,0
3003213,0
3003228,1
3003236,0
3003246,0
3003247,0
3003256,0
3003258,0
3003260,0
3003263,0
3003267,0
3003269,0
3003271,0
3003275,0
3003278,0
3003284,1
3003288,1
3003296,1
3003308,0
3003309,0
3003312,0
3003319,0
3003325,0
3003327,0
3003328,0
3003331,0
3003332,0
3003340,1
3003343,0
3003350,1
3003351,0
3003352,0
3003357,0
3003368,0
3003374,0
3003378,0
3003383,1
3003384,0
3003387,0
3003390,1
3003395,1
3003409,0
3003412,0
3003413,0
3003414,0
3003433,0
3003435,0
3003442,1
3003447,0
3003458,1
3003460,0
3003461,0
3003465,0
3003466,1
3003469,0
3003471,0
3003472,0
3003477,0
3003478,0
3003485,1
3003486,0
3003489,0
3003492,0
3003497,0
3003498,0
3003499,0
3003504,0
3003506,0
3003507,1
3003508,1
3003509,1
3003510,0
3003511,0
3003514,0
3003520,0
3003524,0
3003530,0
3003546,1
3003553,1
3003558,0
3003565,0
3003566,1
3003569,0
3003571,1
3003573,0
3003576,0
3003578,0
3003579,0
3003587,1
3003588,0
3003596,0
3003597,1
3003599,0
3003601,0
3003603,0
3003606,0
3003607,1
3003610,1
3003613,0
3003614,0
3003617,0
3003624,0
3003625,0
3003631,0
3003639,0
3003641,0
3003642,0
3003648,0
3003654,1
3003662,0
3003666,0
3003667,1
3003668,0
3003669,0
3003671,0
3003674,0
3003677,1
3003678,0
3003682,0
3003684,1
3003691,0
3003699,0
3003701,0
3003712,0
3003720,0
3003724,1
3003731,1
3003734,1
3003739,1
3003748,0
3003754,0
3003758,1
3003764,1
3003768,0
3003770,1
3003785,0
3003786,0
3003791,1
3003801,0
3003808,0
3003826,0
3003827,0
3003839,0
3003843,0
3003846,1
3003852,0
3003858,0
3003868,1
3003871,1
3003872,1
3003874,0
3003875,1
3003876,0
3003881,0
3003888,1
3003901,0
3003904,0
3003906,1
3003908,1
3003915,0
3003916,1
3003919,0
3003929,1
3003930,1
3003931,0
3003936,0
3003937,1
3003945,0
3003946,0
3003948,0
3003957,0
3003971,1
3003977,0
3003983,1
3003987,0
3003988,0
3003989,0
3003994,0
3004006,0
3004009,0
3004012,0
3004013,1
3004014,0
3004018,0
3004024,0
3004025,0
3004028,0
3004030,1
3004034,1
3004045,0
3004050,1
3004060,1
3004066,0
3004072,1
3004073,1
3004076,0
3004079,1
3004080,0
3004085,0
3004086,0
3004110,0
3004111,0
3004117,0
3004121,0
3004122,0
3004132,1
3004135,0
3004137,0
3004149,1
3004150,0
3004157,1
3004171,0
3004173,0
3004179,0
3004186,1
3004187,0
3004188,0
3004189,0
3004209,1
3004213,0
3004218,0
3004222,1
3004225,0
3004231,0
3004239,0
3004242,1
3004251,0
3004265,1
3004270,1
3004278,0
3004279,0
3004280,0
3004282,1
3004286,1
3004287,0
3004293,0
3004294,0
3004305,0
3004312,0
3004313,1
3004318,1
3004321,1
3004327,0
3004336,0
3004353,1
3004366,0
3004370,1
3004383,1
3004387,0
3004389,0
3004391,0
3004395,1
3004402,0
3004415,1
3004416,0
3004419,0
3004421,1
3004428,0
3004437,1
3004444,0
3004446,0
3004449,0
3004456,1
3004460,0
3004471,0
3004475,1
3004494,0
3004508,1
3004510,1
3004514,0
3004526,1
3004529,0
3004535,0
3004536,1
3004541,0
3004542,0
3004543,1
3004548,0
3004550,0
3004555,1
3004559,0
3004562,1
3004565,0
3004578,0
3004580,0
3004582,0
3004595,0
3004598,0
3004600,1
3004608,0
3004610,0
3004615,0
3004618,0
3004627,1
3004640,0
3004646,1
3004650,0
3004653,0
3004658,0
3004660,0
3004662,0
3004665,0
3004667,1
3004673,1
3004675,0
3004677,0
3004679,0
3004681,0
3004682,0
3004696,0
3004697,0
3004698,0
3004705,0
3004719,0
3004720,0
3004724,0
3004726,0
3004730,0
3004737,0
3004739,0
3004748,0
3004756,0
3004759,1
3004761,0
3004768,0
3004769,0
3004775,0
3004802,0
3004815,0
3004819,0
3004826,0
3004829,0
3004830,0
3004834,1
3004837,0
3004846,0
3004847,0
3004849,0
3004864,0
3004866,0
3004867,0
3004870,0
3004877,0
3004878,0
3004889,1
3004897,0
3004899,0
3004917,0
3004919,1
3004921,0
3004923,0
3004924,1
3004925,0
3004932,1
3004935,1
3004941,0
3004944,0
3004946,0
3004948,0
3004960,1
3004962,0
3004966,0
3004976,1
3004977,0
3004978,0
3004982,1
3004986,0
3004994,1
3004999,0
3005002,0
3005005,0
3005011,0
3005012,0
3005016,0
3005025,0
3005026,1
3005028,0
3005029,0
3005033,1
3005038,1
3005041,0
3005042,0
3005046,0
3005049,0
3005052,0
3005065,0
3005068,0
3005071,0
3005072,0
3005085,1
3005090,0
3005095,0
3005097,0
3005100,0
3005102,0
3005104,0
3005106,0
3005113,0
3005115,0
3005123,0
3005125,1
3005126,0
3005127,0
3005141,0
3005142,0
3005144,0
3005146,0
3005158,1
3005165,0
3005178,0
3005180,1
3005186,1
3005194,0
3005200,0
3005208,0
3005214,1
3005216,1
3005219,0
3005224,0
3005226,1
3005227,0
3005236,0
3005238,0
3005246,0
3005247,0
3005248,0
3005252,0
3005255,0
3005256,0
3005260,1
3005265,0
3005268,0
3005277,0
3005287,1
3005288,0
3005289,0
3005290,0
3005291,0
3005293,0
3005294,1
3005295,0
3005302,1
3005309,1
3005319,0
3005325,1
3005328,0
3005330,0
3005334,0
3005340,0
3005357,1
3005364,0
3005365,0
3005371,0
3005381,0
3005383,0
3005388,1
3005390,1
3005394,0
3005403,0
3005411,0
3005413,1
3005417,0
3005432,0
3005435,0
3005438,0
3005449,0
3005456,0
3005460,0
3005462,0
3005463,1
3005464,0
3005471,0
3005473,1
3005479,0
3005485,0
3005486,0
3005487,0
3005488,0
3005491,0
3005505,1
3005510,0
3005516,1
3005520,1
3005544,0
3005558,0
3005565,0
3005574,0
3005585,0
3005588,0
3005590,0
3005596,0
3005601,0
3005602,0
3005609,0
3005613,1
3005615,0
3005619,0
3005621,1
3005622,1
3005623,1
3005625,1
3005638,1
3005646,0
3005653,0
3005666,0
3005669,1
3005675,1
3005679,1
3005681,1
3005682,1
3005688,0
3005689,0
3005698,0
3005699,0
3005703,0
3005704,0
3005707,0
3005709,1
3005710,0
3005713,1
3005737,0
3005739,0
3005743,0
3005744,1
3005747,0
3005748,0
3005749,0
3005750,0
3005751,0
3005755,0
3005763,0
3005765,1
3005773,0
3005806,1
3005807,1
3005811,1
3005826,0
3005838,0
3005843,0
3005854,1
3005857,1
3005865,0
3005868,0
3005871,0
3005872,0
3005876,0
3005877,1
3005887,0
3005888,1
3005896,0
3005901,0
3005911,1
3005914,0
3005920,1
3005925,1
3005927,0
3005928,0
3005929,1
3005931,0
3005932,0
3005940,0
3005943,0
3005944,1
3005952,0
3005958,0
3005959,0
3005961,0
3005967,0
3005969,1
3005970,1
3005973,0
3005974,1
3005993,1
3005998,0
3006002,0
3006006,1
3006008,0
3006010,0
3006011,1
3006013,1
3006018,0
3006021,0
3006028,1
3006030,0
3006036,1
3006046,0
3006050,0
3006055,0
3006069,1
3006073,0
3006090,1
3006097,0
3006109,1
3006119,0
3006126,0
3006127,0
3006132,0
3006136,0
3006141,0
3006144,0
3006146,1
3006151,0
3006164,1
3006173,1
3006174,0
3006178,0
3006179,1
3006181,0
3006185,0
3006189,1
3006190,0
3006206,0
3006208,1
3006209,0
3006216,0
3006217,0
3006224,0
3006225,0
3006226,0
3006229,0
3006231,0
3006234,0
3006239,0
3006242,0
3006243,0
3006246,1
3006249,1
3006251,0
3006255,0
3006256,1
3006260,0
3006278,0
3006284,1
3006291,0
3006293,0
3006297,1
3006299,0
3006308,0
3006311,0
3006312,1
3006317,0
3006318,0
3006319,0
3006321,0
3006334,0
3006336,0
3006350,0
3006351,0
3006352,0
3006354,0
3006357,0
3006362,0
3006367,0
3006369,0
3006374,0
3006378,0
3006381,0
3006384,0
3006387,0
3006398,1
3006405,1
3006411,0
3006419,0
3006436,0
3006439,1
3006447,1
3006450,0
3006452,0
3006453,0
3006462,0
3006464,1
3006472,0
3006473,0
3006480,0
3006482,1
3006487,0
3006488,1
3006489,1
3006500,1
3006501,0
3006505,0
3006507,0
3006508,0
3006509,0
3006518,0
3006519,0
3006523,0
3006531,1
3006537,0
3006551,0
3006553,1
3006556,1
3006565,1
3006575,0
3006576,1
3006582,0
3006584,0
3006588,1
3006592,0
3006618,1
3006622,0
3006631,1
3006636,1
3006640,0
3006642,0
3006649,1
3006657,0
3006659,0
3006666,0
3006668,0
3006678,1
3006682,0
3006685,0
3006692,1
3006695,0
3006696,0
3006701,0
3006705,0
3006712,1
3006716,1
3006717,0
3006720,0
3006722,0
3006734,1
3006753,0
3006758,0
3006766,0
3006767,0
3006768,1
3006770,0
3006772,1
3006784,0
3006796,0
3006808,0
3006809,1
3006815,0
3006817,0
3006821,1
3006824,0
3006831,0
3006832,0
3006842,0
3006849,0
3006854,0
3006861,0
3006872,1
3006875,0
3006876,0
3006879,0
3006882,0
3006893,0
3006898,1
3006902,0
3006909,1
3006912,0
3006913,0
3006916,0
3006918,0
3006925,1
3006929,0
3006936,0
3006948,0
3006950,0
3006955,0
3006959,1
3006967,0
3006971,0
3006972,0
3006975,0
3006977,0
3006990,1
3006991,0
3006994,0
3007001,0
3007003,0
3007007,0
3007009,0
3007012,0
3007018,1
3007019,0
3007025,1
3007026,0
3007028,0
3007037,0
3007038,0
3007045,1
3007052,0
3007057,0
3007064,1
3007067,0
3007070,0
3007077,0
3007088,0
3007092,0
3007094,0
3007105,0
3007110,1
3007118,1
3007122,0
3007128,1
3007142,0
3007151,0
3007152,1
3007155,0
3007159,0
3007161,0
3007167,0
3007169,1
3007191,0
3007197,0
3007205,1
3007206,1
3007211,0
3007212,0
3007216,0
3007221,0
3007232,0
3007234,0
3007239,0
3007242,0
3007247,1
3007251,0
3007261,1
3007276,0
3007277,0
3007278,1
3007288,1
3007293,0
3007301,0
3007309,0
3007323,1
3007332,0
3007339,0
3007343,0
3007344,0
3007358,1
3007360,1
3007364,0
3007367,0
3007369,1
3007376,0
3007381,0
3007385,0
3007390,0
3007391,0
3007395,0
3007398,0
3007401,0
3007405,1
3007407,1
3007410,0
3007413,0
3007415,0
3007416,1
3007417,0
3007418,0
3007420,0
3007422,0
3007428,0
3007430,1
3007431,0
3007435,0
3007436,1
3007437,0
3007441,0
3007442,0
3007444,0
3007451,0
3007452,0
3007455,1
3007461,0
3007473,0
3007483,1
3007498,0
3007503,0
3007508,0
3007512,0
3007517,0
3007528,0
3007529,0
3007536,0
3007537,0
3007546,0
3007549,0
3007553,0
3007554,0
3007570,1
3007571,0
3007575,1
3007576,0
3007583,1
3007590,1
3007597,1
3007604,0
3007610,0
3007611,1
3007614,0
3007629,1
3007633,0
3007640,0
3007641,0
3007644,1
3007651,0
3007652,0
3007653,0
3007654,0
3007655,0
3007669,1
3007670,1
3007681,0
3007686,1
3007691,0
3007699,0
3007701,0
3007702,0
3007715,0
3007720,1
3007722,0
3007727,1
3007739,0
3007753,0
3007758,0
3007759,0
3007763,0
3007764,0
3007773,0
3007777,1
3007797,0
3007805,1
3007807,0
3007822,0
3007823,0
3007824,0
3007825,0
3007834,0
3007835,0
3007837,1
3007838,1
3007840,1
3007843,0
3007846,1
3007848,0
3007852,0
3007858,1
3007862,0
3007868,0
3007870,0
3007890,0
3007892,1
3007893,0
3007899,1
3007906,1
3007918,0
3007926,0
3007930,1
3007936,0
3007938,0
3007950,0
3007955,0
3007957,0
3007958,0
3007959,1
3007981,0
3007982,0
3007983,0
3007984,0
3007986,0
3007989,1
3007995,1
3007999,0
